"dissolve","scalerank","featurecla","name","name_alt","rivernum","note","min_zoom","name_en","min_label","ne_id","label","wikidataid","name_ar","name_bn","name_de","name_es","name_fr","name_el","name_hi","name_hu","name_id","name_it","name_ja","name_ko","name_nl","name_pl","name_pt","name_ru","name_sv","name_tr","name_vi","name_zh","name_fa","name_he","name_uk","name_ur","name_zht","geometry"
"1068River",9,"River","Seym",NA,1068,NA,7.1,"Seym",8.1,1159110525,"Seym","Q738986","سيم","সেম","Seim","Seim","Seïm","Σείμ","सेम","Szejm","Seym","Sejm","セイム川","세임강","Sejm","Sejm","Seim","Сейм","Sejm","Seym","Sông Seym","谢伊姆河","رودخانه سییم","סיים","Сейм","سیئم","謝伊姆河",c(37.196044921875, 37.21142578125, 37.228759765625, 37.24853515625, 37.269140625, 37.28828125, 37.29921875, 37.29990234375, 37.28798828125, 37.259375, 37.24521484375, 37.22841796875, 37.169677734375, 37.11181640625, 37.09248046875, 37.04833984375, 36.958740234375, 36.9140625, 36.82998046875, 36.805908203125, 36.77099609375, 36.73818359375, 36.70078125, 36.641015625, 36.620361328125, 36.5833984375, 36.56171875, 36.5267578125, 36.414453125, 36.362548828125, 36.33935546875, 36.31552734375, 36.275, 36.219140625, 
36.1947265625, 36.146875, 36.0927734375, 36.069921875, 36.0205078125, 35.9986328125, 35.9330078125, 35.84912109375, 35.8203125, 35.77333984375, 35.74716796875, 35.73388671875, 35.7232421875, 35.7134765625, 35.702392578125, 35.68359375, 35.6673828125, 35.6341796875, 35.609765625, 35.511962890625, 35.494140625, 35.45712890625, 35.43310546875, 35.40576171875, 35.37880859375, 35.355859375, 35.339599609375, 35.3359375, 35.33056640625, 35.30859375, 35.234765625, 35.20712890625, 35.19375, 35.17041015625, 
35.15810546875, 35.144775390625, 35.133203125, 35.12197265625, 35.109765625, 35.08076171875, 35.03369140625, 35.005859375, 34.9736328125, 34.95166015625, 34.9056640625, 34.8294921875, 34.808984375, 34.803955078125, 34.7962890625, 34.790283203125, 34.7806640625, 34.76953125, 34.75732421875, 34.74423828125, 34.726953125, 34.724609375, 34.73447265625, 34.75439453125, 34.76865234375, 34.775390625, 34.781494140625, 34.78603515625, 34.7916015625, 34.795654296875, 34.80810546875, 34.821875, 34.834228515625, 
34.84228515625, 34.8447265625, 34.8453125, 34.84375, 34.83974609375, 34.83544921875, 34.81982421875, 34.81396484375, 34.810546875, 34.803955078125, 34.7865234375, 34.749267578125, 34.731201171875, 34.723046875, 34.716796875, 34.708740234375, 34.69619140625, 34.686279296875, 34.66787109375, 34.6435546875, 34.6166015625, 34.6015625, 34.575439453125, 34.4755859375, 34.43173828125, 34.4068359375, 34.34560546875, 34.317578125, 34.29970703125, 34.308203125, 34.28310546875, 34.2435546875, 34.164306640625, 
33.9642578125, 33.941796875, 33.92197265625, 33.914453125, 33.9107421875, 33.902734375, 33.893310546875, 33.88681640625, 33.8818359375, 33.87646484375, 33.875, 33.87744140625, 33.872314453125, 33.8482421875, 33.82587890625, 33.72802734375, 33.7119140625, 33.69873046875, 33.662109375, 33.5966796875, 33.593359375, 33.58896484375, 33.584375, 33.57666015625, 33.4359375, 33.37802734375, 33.35, 33.3294921875, 33.3109375, 33.2421875, 33.212158203125, 32.963134765625, 32.915283203125, 32.79541015625, 32.7138671875, 
32.544921875, 51.1572451843691, 51.1566836609316, 51.1600283874941, 51.1688174499941, 51.1834658874941, 51.2007022156191, 51.2217959656191, 51.2457217468691, 51.2737490906191, 51.2971377624941, 51.3125186218691, 51.3225772156191, 51.3379580749941, 51.3606631531191, 51.3652529968691, 51.3649356140566, 51.3511904968691, 51.3508975281191, 51.3642031921816, 51.3757998718691, 51.4113223328066, 51.4370791687441, 51.4795596374941, 51.5165469421816, 51.5330752624941, 51.5706240906191, 51.5851504578066, 51.6006533874941, 
51.6513125671816, 51.6838565124941, 51.6900576843691, 51.6928164734316, 51.6928164734316, 51.7044131531191, 51.7040469421816, 51.6970889343691, 51.6974551453066, 51.6948916687441, 51.6821963562441, 51.6796328796816, 51.6841494812441, 51.6754092468691, 51.6784121765566, 51.6967227234316, 51.7033145203066, 51.7011172546816, 51.6934268249941, 51.6841494812441, 51.6773135437441, 51.6743838562441, 51.6776797546816, 51.6909365906191, 51.6928897156191, 51.6642520203066, 51.6531436218691, 51.6236514343691, 
51.6139590515566, 51.6109072937441, 51.6137149109316, 51.6218936218691, 51.6394717468691, 51.6593692078066, 51.6758486999941, 51.6829287781191, 51.6808535828066, 51.6868350281191, 51.6928164734316, 51.7078311218691, 51.7139346374941, 51.7155215515566, 51.7118594421816, 51.7061709656191, 51.7018496765566, 51.7031436218691, 51.7286319031191, 51.7370791687441, 51.7361514343691, 51.7274844421816, 51.6985537781191, 51.6762149109316, 51.6603457703066, 51.6504580749941, 51.6258486999941, 51.6144473328066, 
51.6033877624941, 51.5941836609316, 51.5864444031191, 51.5800235046816, 51.5667178406191, 51.5510928406191, 51.5369815124941, 51.5283389343691, 51.5243594421816, 51.5211856140566, 51.5167178406191, 51.5111758484316, 51.4993350281191, 51.4938418640566, 51.4876651062441, 51.4862002624941, 51.4825381531191, 51.4699160828066, 51.4553897156191, 51.4381778015566, 51.4210147156191, 51.4068057312441, 51.3995303406191, 51.3791690124941, 51.3650088562441, 51.3590762390566, 51.3540713562441, 51.3486514343691, 
51.3457705749941, 51.3414981140566, 51.3357119812441, 51.3287295593691, 51.3236026062441, 51.3235049499941, 51.3272158874941, 51.3385684265566, 51.3482119812441, 51.3656680359316, 51.3732363953066, 51.3795840515566, 51.3870303406191, 51.3788516296816, 51.3787783874941, 51.3963076843691, 51.3942324890566, 51.3686709656191, 51.3348330749941, 51.3015322937441, 51.2743594421816, 51.2400576843691, 51.1992861999941, 51.2017764343691, 51.2090518249941, 51.2169863953066, 51.2261416687441, 51.2369326843691, 
51.2427432312441, 51.2431094421816, 51.2440860046816, 51.2519717468691, 51.2715029968691, 51.2943789734316, 51.3143252624941, 51.3246524109316, 51.3245303406191, 51.3106631531191, 51.3109805359316, 51.3163516296816, 51.3403994812441, 51.3674502624941, 51.3716494812441, 51.3843936218691, 51.3895205749941, 51.3928897156191, 51.4098574890566, 51.4059512390566, 51.4005069031191, 51.3942324890566, 51.3856875671816, 51.3421084656191, 51.3323916687441, 51.3157901062441, 51.3265322937441, 51.3917910828066, 
51.4229678406191, 51.4572207703066)
"670Lake Centerline",8,"Lake Centerline","Southern Bug","Pivd. Buh",670,"Version 1.2 edit in N. America and Europe",7,"Southern Bug",8,1159124973,"Southern Bug","Q188940","نهر بوك الجنوبي","দক্ষিন বাগ","Südlicher Bug","Bug Meridional","Boug méridional","Νότιο Μπουγκ","दक्षिणी बग","Déli-Bug","Bug","Bug Orientale","南ブーフ川","남부크강","Zuidelijke Boeg","Boh","Bug Meridional","Южный Буг","Södra Bug","Güney Bug","Southern Bug","南布格河","بوگ جنوبی","הבוג הדרומי","Південний Буг","ساؤدرن بگ","南布格河",c(27.47265625, 27.591552734375, 27.61474609375, 27.62392578125, 27.63125, 27.637451171875, 27.650390625, 27.671142578125, 27.68115234375, 27.69033203125, 49.4173037781191, 49.4030215515566, 49.4086367859316, 49.4216494812441, 49.4366397156191, 49.4563662781191, 49.4688174499941, 49.4736514343691, 49.4754580749941, 49.4745547546816)
"670River",8,"River","Southern Bug","Pivd. Buh",670,"Version 1.2 edit in N. America and Europe",7,"Southern Bug",8,1159124987,"Southern Bug","Q188940","نهر بوك الجنوبي","দক্ষিন বাগ","Südlicher Bug","Bug Meridional","Boug méridional","Νότιο Μπουγκ","दक्षिणी बग","Déli-Bug","Bug","Bug Orientale","南ブーフ川","남부크강","Zuidelijke Boeg","Boh","Bug Meridional","Южный Буг","Södra Bug","Güney Bug","Sông Southern Bug","南布格河","بوگ جنوبی","הבוג הדרומי","Південний Буг","ساؤدرن بگ","南布格河",list(c(26.50185546875, 26.58984375, 26.66083984375, 26.6841796875, 26.708984375, 26.730078125, 26.739013671875, 26.74375, 26.75595703125, 26.791015625, 26.821533203125, 27.04736328125, 27.17529296875, 27.318359375, 27.32568359375, 27.34228515625, 27.37646484375, 27.400146484375, 27.42568359375, 27.4505859375, 27.47265625, 49.6211611999941, 49.5840518249941, 49.5596865906191, 49.5445498718691, 49.5374209656191, 49.5259951843691, 49.5100772156191, 49.5048281921816, 49.5010928406191, 49.4968447937441, 
49.4935977234316, 49.4103457703066, 49.3835635437441, 49.3762881531191, 49.3801944031191, 49.4042422546816, 49.4247500671816, 49.4326358093691, 49.4358584656191, 49.4315860046816, 49.4173037781191), c(27.69033203125, 27.697998046875, 27.70810546875, 27.719482421875, 27.728759765625, 27.732666015625, 27.73779296875, 27.74951171875, 27.7705078125, 27.7796875, 27.807861328125, 27.82763671875, 27.84765625, 27.93505859375, 27.949462890625, 27.95498046875, 27.95810546875, 27.966064453125, 27.98193359375, 
28.0296875, 28.044921875, 28.05966796875, 28.07958984375, 28.1236328125, 28.14423828125, 28.1806640625, 28.333984375, 28.343359375, 28.347900390625, 28.35888671875, 28.37314453125, 28.38720703125, 28.390380859375, 28.395751953125, 28.401123046875, 28.4087890625, 28.48681640625, 28.48681640625, 28.4697265625, 28.4615234375, 28.45908203125, 28.46005859375, 28.45888671875, 28.43896484375, 28.36630859375, 28.352294921875, 28.29501953125, 28.30283203125, 28.31337890625, 28.3216796875, 28.33251953125, 
28.3837890625, 28.47412109375, 28.50048828125, 28.517333984375, 28.533203125, 28.54833984375, 28.5625, 28.57919921875, 28.6244140625, 28.64794921875, 28.65810546875, 28.64833984375, 28.6615234375, 28.6646484375, 28.64990234375, 28.6234375, 28.66298828125, 28.67861328125, 28.702734375, 28.70654296875, 28.711328125, 28.71787109375, 28.72705078125, 28.74619140625, 28.761962890625, 28.779052734375, 28.8021484375, 28.812255859375, 28.825439453125, 28.836328125, 28.84912109375, 28.957763671875, 28.98935546875, 
28.98642578125, 28.98642578125, 29.00068359375, 29.023193359375, 29.034765625, 29.046484375, 29.05380859375, 29.06171875, 29.07587890625, 29.103759765625, 29.127197265625, 29.137939453125, 29.137939453125, 29.116796875, 29.101953125, 29.09736328125, 29.107177734375, 29.11083984375, 29.111328125, 29.1080078125, 29.10009765625, 29.08994140625, 29.062255859375, 29.070556640625, 29.082421875, 29.09873046875, 29.12998046875, 29.14013671875, 29.14833984375, 29.15146484375, 29.156005859375, 29.16552734375, 
29.175048828125, 29.178955078125, 29.196044921875, 29.21640625, 29.23330078125, 29.24033203125, 29.289794921875, 29.3017578125, 29.3041015625, 29.3021484375, 29.3017578125, 29.30068359375, 29.2978515625, 29.29541015625, 29.294921875, 29.30703125, 29.3091796875, 29.31552734375, 29.36376953125, 29.369140625, 29.3763671875, 29.3837890625, 29.39306640625, 29.4853515625, 29.537109375, 29.6578125, 29.6724609375, 29.68515625, 29.740625, 29.7474609375, 29.7412109375, 29.7369140625, 29.73291015625, 29.72763671875, 
29.737548828125, 29.745703125, 29.75830078125, 29.776123046875, 29.79580078125, 29.80947265625, 29.80947265625, 29.851806640625, 29.863525390625, 29.874755859375, 29.882080078125, 29.890380859375, 29.905029296875, 29.921142578125, 29.935791015625, 29.94873046875, 29.959716796875, 29.968994140625, 29.983642578125, 30.012939453125, 30.027587890625, 30.04755859375, 30.083251953125, 30.32216796875, 30.330322265625, 30.334716796875, 30.34130859375, 30.347265625, 30.5015625, 30.559326171875, 30.58359375, 
30.59375, 30.59775390625, 30.5931640625, 30.586328125, 30.58349609375, 30.6025390625, 30.6201171875, 30.63564453125, 30.648681640625, 30.661376953125, 30.7025390625, 30.714453125, 30.71640625, 30.7181640625, 30.72060546875, 30.765380859375, 30.77099609375, 30.7900390625, 30.7994140625, 30.81044921875, 30.81748046875, 30.8400390625, 30.84384765625, 30.84765625, 30.85791015625, 30.94638671875, 30.980712890625, 31.008544921875, 31.02587890625, 31.0806640625, 31.090576171875, 31.117919921875, 31.121826171875, 
31.120849609375, 31.11826171875, 31.117919921875, 31.126708984375, 31.13515625, 31.146875, 31.165625, 31.17861328125, 31.183837890625, 31.1900390625, 31.19638671875, 31.24462890625, 31.2552734375, 31.26865234375, 31.263916015625, 31.24892578125, 31.231201171875, 31.228125, 31.22666015625, 31.224365234375, 31.18896484375, 31.179443359375, 31.20078125, 31.289306640625, 31.32861328125, 31.344482421875, 31.38515625, 31.39912109375, 31.407470703125, 31.433203125, 31.458740234375, 31.53232421875, 31.55625, 
31.5908203125, 31.583984375, 31.599853515625, 31.613037109375, 31.63525390625, 31.64853515625, 31.70068359375, 31.739990234375, 31.751953125, 31.76220703125, 31.767333984375, 31.7640625, 31.74853515625, 49.4745547546816, 49.4725283874941, 49.4840762390566, 49.5006045593691, 49.5176455749941, 49.5308779968691, 49.5353457703066, 49.5335147156191, 49.5271670593691, 49.5296572937441, 49.5482119812441, 49.5562197937441, 49.5578067078066, 49.5550479187441, 49.5521914734316, 49.5449893249941, 49.5359072937441, 
49.5271670593691, 49.5242373718691, 49.5232608093691, 49.5171572937441, 49.5082461609316, 49.5060488953066, 49.5066592468691, 49.5022647156191, 49.4889590515566, 49.4736514343691, 49.4691104187441, 49.4551455749941, 49.4356631531191, 49.4184756531191, 49.4110781921816, 49.4068057312441, 49.3880557312441, 49.3837344421816, 49.3820254578066, 49.3353213562441, 49.3291690124941, 49.3164248718691, 49.2989444031191, 49.2785098328066, 49.2326846374941, 49.2254580749941, 49.1845156921816, 49.1435733093691, 
49.1379580749941, 49.1026065124941, 49.0894229187441, 49.0593447937441, 49.0473086609316, 49.0432803406191, 49.0337100281191, 49.0328311218691, 49.0206973328066, 49.0304629578066, 49.0227236999941, 49.0088076843691, 49.0001895203066, 49.0021426453066, 49.0170352234316, 49.0206973328066, 49.0120303406191, 48.9740664734316, 48.9653994812441, 48.9544131531191, 48.9301211609316, 48.8965518249941, 48.8756045593691, 48.8698184265566, 48.8698184265566, 48.8683535828066, 48.8651797546816, 48.8624942078066, 
48.8623721374941, 48.8737246765566, 48.8909365906191, 48.9008975281191, 48.8903262390566, 48.8782901062441, 48.8568789734316, 48.8493838562441, 48.8460635437441, 48.8341006531191, 48.8360049499941, 48.8493838562441, 48.8562197937441, 48.8566348328066, 48.8541934265566, 48.8562197937441, 48.8629092468691, 48.8706240906191, 48.8762393249941, 48.8766543640566, 48.8562197937441, 48.8348330749941, 48.8282412781191, 48.8214053406191, 48.8187197937441, 48.8091494812441, 48.7988955749941, 48.7941348328066, 
48.7910342468691, 48.7841983093691, 48.7773623718691, 48.7742373718691, 48.7736270203066, 48.7674014343691, 48.7536807312441, 48.7428653015566, 48.7357852234316, 48.7313906921816, 48.7268252624941, 48.7210147156191, 48.7155947937441, 48.7050235046816, 48.7073916687441, 48.7147891296816, 48.7190127624941, 48.7163272156191, 48.7092471374941, 48.6992861999941, 48.6880069031191, 48.6559512390566, 48.6432559265566, 48.6344668640566, 48.6214053406191, 48.6091494812441, 48.6049258484316, 48.6003604187441, 
48.5949893249941, 48.5886904968691, 48.5814151062441, 48.5784365906191, 48.5656192078066, 48.5340029968691, 48.5264346374941, 48.5126406921816, 48.5067080749941, 48.5033633484316, 48.4911563171816, 48.4950625671816, 48.4834658874941, 48.4803408874941, 48.4749209656191, 48.4350039734316, 48.4241397156191, 48.4216494812441, 48.4182315124941, 48.4141787781191, 48.4099307312441, 48.3841494812441, 48.3733584656191, 48.3689639343691, 48.3679873718691, 48.3641299499941, 48.3558291687441, 48.3416201843691, 
48.3272158874941, 48.3217227234316, 48.3132998718691, 48.3062686218691, 48.3000674499941, 48.2938174499941, 48.2907168640566, 48.2899844421816, 48.2879092468691, 48.2807803406191, 48.2672793640566, 48.2379824890566, 48.1992373718691, 48.1746768249941, 48.1550967468691, 48.1436221374941, 48.1345401062441, 48.1361758484316, 48.1419619812441, 48.1597354187441, 48.1634463562441, 48.1634463562441, 48.1082217468691, 48.1029727234316, 48.1019961609316, 48.1060733093691, 48.1152529968691, 48.1247012390566, 
48.1299502624941, 48.1395205749941, 48.1283633484316, 48.1110293640566, 48.1019961609316, 48.0989932312441, 48.0827090515566, 48.0747744812441, 48.0678897156191, 48.0471377624941, 48.0405947937441, 48.0337588562441, 48.0304629578066, 48.0159365906191, 48.0126406921816, 48.0138613953066, 48.0170352234316, 48.0332217468691, 48.0375430359316, 48.0398623718691, 48.0405947937441, 48.0276553406191, 48.0126406921816, 47.9951846374941, 47.9769961609316, 47.8930117859316, 47.8829287781191, 47.8692569031191, 
47.8596865906191, 47.8525576843691, 47.8468692078066, 47.8419863953066, 47.8236026062441, 47.8176455749941, 47.8152041687441, 47.8071963562441, 47.7951846374941, 47.7805361999941, 47.7153994812441, 47.7095401062441, 47.6969668640566, 47.6926944031191, 47.6837100281191, 47.6762881531191, 47.6638369812441, 47.6563662781191, 47.6544131531191, 47.6442324890566, 47.6395938171816, 47.6083438171816, 47.5955264343691, 47.5781924499941, 47.5608096374941, 47.5396182312441, 47.5335147156191, 47.5253360046816, 
47.5198428406191, 47.5143496765566, 47.4891299499941, 47.4618594421816, 47.4013125671816, 47.3884463562441, 47.3832461609316, 47.3832461609316, 47.3799502624941, 47.3727481140566, 47.3516299499941, 47.3429629578066, 47.3280703796816, 47.3094424499941, 47.3069522156191, 47.3002383484316, 47.2851016296816, 47.2689151062441, 47.2591006531191))
"717River",8,"River","Olt",NA,717,NA,7,"Olt",8,1159126325,"Olt","Q126822","أولت","ওল্ট","Olt","Olt","Olt","Ολτ","ओल्ट","Olt","Olt","Olt","オルト川","올트강","Olt","Aluta","Olt","Олт","Olt","Oltu","Sông Olt","奥尔特河","رود اولت","אולט","Олт","اولٹ","奧爾特河",c(25.78369140625, 25.794677734375, 25.79970703125, 25.800537109375, 25.79501953125, 25.777099609375, 25.773046875, 25.77001953125, 25.76318359375, 25.75634765625, 25.7533203125, 25.7548828125, 25.75888671875, 25.76064453125, 25.759521484375, 25.75986328125, 25.766357421875, 25.780517578125, 25.8453125, 25.855078125, 25.8580078125, 25.865478515625, 25.883056640625, 25.897216796875, 25.900146484375, 25.89658203125, 25.9013671875, 25.89072265625, 25.876220703125, 25.86181640625, 25.838134765625, 25.842041015625, 
25.825439453125, 25.83447265625, 25.86318359375, 25.86376953125, 25.862060546875, 25.855078125, 25.832275390625, 25.8283203125, 25.82509765625, 25.810546875, 25.807373046875, 25.807373046875, 25.8046875, 25.79833984375, 25.78369140625, 25.768310546875, 25.76259765625, 25.7470703125, 25.732666015625, 25.71865234375, 25.704345703125, 25.696533203125, 25.6888671875, 25.670654296875, 25.66884765625, 25.637451171875, 25.567138671875, 25.55771484375, 25.55380859375, 25.55234375, 25.554296875, 25.560791015625, 
25.560791015625, 25.55810546875, 25.57080078125, 25.567138671875, 25.55458984375, 25.53369140625, 25.51416015625, 25.505615234375, 25.488037109375, 25.446533203125, 25.398681640625, 25.36171875, 25.3759765625, 25.369384765625, 25.35556640625, 25.348046875, 25.343017578125, 25.331298828125, 25.30703125, 25.25830078125, 25.24169921875, 25.22509765625, 25.22890625, 25.2298828125, 25.22509765625, 25.2123046875, 25.2060546875, 25.20576171875, 25.21142578125, 25.198486328125, 25.192138671875, 25.191796875, 
25.19716796875, 25.179296875, 25.16494140625, 25.148681640625, 25.12548828125, 25.05322265625, 25.04931640625, 25.0390625, 25.03330078125, 25.02734375, 25.01796875, 25.01220703125, 24.96748046875, 24.945068359375, 24.839599609375, 24.534912109375, 24.47509765625, 24.43994140625, 24.414697265625, 24.381103515625, 24.355712890625, 24.354248046875, 24.299560546875, 24.278564453125, 24.27392578125, 24.26123046875, 24.25869140625, 24.259765625, 24.264404296875, 24.26552734375, 24.26123046875, 24.253076171875, 
24.246728515625, 24.248779296875, 24.266259765625, 24.270751953125, 24.27236328125, 24.28076171875, 24.297021484375, 24.3076171875, 24.299560546875, 24.299560546875, 24.31240234375, 24.3095703125, 24.304345703125, 24.3095703125, 24.31044921875, 24.306787109375, 24.3052230080301, 46.6837832703066, 46.6751162781191, 46.6555850281191, 46.6216983093691, 46.6020694031191, 46.5697695984316, 46.5568301453066, 46.5521182312441, 46.5474307312441, 46.5405459656191, 46.5291690124941, 46.5094668640566, 46.4920108093691, 
46.4686953796816, 46.4408633484316, 46.3840518249941, 46.3595645203066, 46.3411319031191, 46.3132510437441, 46.3026797546816, 46.2865664734316, 46.2680117859316, 46.2381045593691, 46.2201602234316, 46.2119815124941, 46.2046084656191, 46.1853213562441, 46.1670596374941, 46.1476504578066, 46.1008975281191, 46.0573184265566, 46.0388369812441, 46.0219180359316, 46.0005069031191, 45.9705752624941, 45.9602725281191, 45.9475772156191, 45.9234072937441, 45.8919131531191, 45.8852725281191, 45.8815371765566, 
45.8755557312441, 45.8716494812441, 45.8439395203066, 45.8325869812441, 45.8209170593691, 45.8030459656191, 45.7650820984316, 45.7589053406191, 45.7566104187441, 45.7526309265566, 45.7518252624941, 45.7589053406191, 45.7539736999941, 45.7517276062441, 45.7515322937441, 45.7848574890566, 45.8079287781191, 45.8408877624941, 45.8541934265566, 45.8695742859316, 45.9347598328066, 45.9569033874941, 45.9705752624941, 45.9780459656191, 45.9878604187441, 46.0213076843691, 46.0388369812441, 46.0454776062441, 
46.0494326843691, 46.0489444031191, 46.0425967468691, 46.0202090515566, 46.0175235046816, 46.0195986999941, 46.0115420593691, 45.9943301453066, 45.9850528015566, 45.9831729187441, 45.9882998718691, 46.0040225281191, 46.0042178406191, 45.9917178406191, 45.9754092468691, 45.9635684265566, 45.9439151062441, 45.9398135437441, 45.9381778015566, 45.9296328796816, 45.9341983093691, 45.9279971374941, 45.9157168640566, 45.9022891296816, 45.9014834656191, 45.8974795593691, 45.8907412781191, 45.8818545593691, 
45.8740420593691, 45.8650576843691, 45.8576113953066, 45.8545108093691, 45.8545108093691, 45.8524844421816, 45.8433291687441, 45.8408877624941, 45.8413760437441, 45.8460147156191, 45.8470401062441, 45.8470401062441, 45.8445986999941, 45.8196475281191, 45.7875430359316, 45.7746035828066, 45.7719912781191, 45.7647158874941, 45.7473330749941, 45.7268252624941, 45.7099063171816, 45.6552920593691, 45.6279971374941, 45.6255557312441, 45.6218936218691, 45.6180361999941, 45.6111514343691, 45.6045108093691, 
45.5972354187441, 45.5896670593691, 45.5808291687441, 45.5716006531191, 45.5628115906191, 45.5486514343691, 45.5415713562441, 45.5289981140566, 45.5120791687441, 45.4965274109316, 45.4808291687441, 45.4634463562441, 45.4572940124941, 45.4431826843691, 45.4247500671816, 45.4044863953066, 45.3853213562441, 45.3775576843691, 45.3673037781191, 45.3648253952263)
"732River",8,"River","Bug",NA,732,NA,7,"Western Bug",8,1159126579,"Bug","Q156237","نهر بوك","বাগ","Bug","Bug Occidental","Bug","Μπουγκ","बग","Nyugati-Bug","Bug","Bug Occidentale","ブク川","부크강","Westelijke Boeg","Bug","Bug Ocidental","Западный Буг","Västra Bug","Bug","Bug Tây","西布格河","رود باگ","הבוג המערבי","Західний Буг","بگ","西布格河",list(c(24.95009765625, 24.9126953125, 24.786376953125, 24.7650390625, 24.721923828125, 24.70751953125, 24.6875, 24.64345703125, 24.628662109375, 24.624169921875, 24.613671875, 24.608154296875, 24.599267578125, 24.5791015625, 24.5619140625, 24.5521484375, 24.54384765625, 24.536767578125, 24.527490234375, 24.516015625, 24.505126953125, 24.486328125, 24.477783203125, 24.459228515625, 24.448388671875, 24.439111328125, 24.428125, 24.41552734375, 24.405517578125, 24.39296875, 24.34814453125, 24.354150390625, 
24.365869140625, 24.3958984375, 24.387939453125, 24.389794921875, 24.39794921875, 24.408837890625, 24.386962890625, 24.353662109375, 24.33388671875, 24.2822265625, 24.262451171875, 24.249755859375, 24.2314453125, 24.236083984375, 24.2412109375, 24.2451171875, 24.248046875, 24.250732421875, 24.250634765625, 24.2451171875, 24.26259765625, 24.269287109375, 24.27236328125, 24.26162109375, 24.25927734375, 24.2689453125, 24.281982421875, 24.2900390625, 24.296142578125, 24.302978515625, 24.30556640625, 
24.292138671875, 24.25869140625, 24.25869140625, 24.247705078125, 24.22900390625, 24.2177734375, 24.208740234375, 24.2021484375, 24.194091796875, 24.179833984375, 24.170654296875, 24.16455078125, 24.15224609375, 24.138427734375, 24.125732421875, 24.11513671875, 24.10791015625, 24.082275390625, 24.074462890625, 24.08056640625, 24.0537109375, 24.0263671875, 24.012353515625, 24.025390625, 24.025390625, 23.9974609375, 23.973779296875, 23.95888671875, 23.95703125, 23.969384765625, 23.992333984375, 24.019921875, 
24.04638671875, 24.066796875, 24.1, 24.13037109375, 24.142578125, 24.12978515625, 24.04638671875, 23.978759765625, 23.9638671875, 23.958251953125, 23.957275390625, 23.9544921875, 23.943359375, 23.931298828125, 23.918603515625, 23.911279296875, 23.91552734375, 23.91552734375, 23.9037109375, 23.89501953125, 23.868798828125, 23.85390625, 23.857666015625, 23.874267578125, 23.863037109375, 23.815576171875, 23.76455078125, 23.74208984375, 23.686767578125, 23.669677734375, 23.650390625, 23.634521484375, 
23.628076171875, 23.633544921875, 23.647216796875, 23.6650390625, 23.683349609375, 23.6771484375, 23.678369140625, 23.685546875, 23.697021484375, 23.6888671875, 23.648193359375, 23.646484375, 23.662255859375, 23.648095703125, 23.6298828125, 23.6142578125, 23.607568359375, 23.601806640625, 23.588037109375, 23.572265625, 23.559814453125, 23.566650390625, 23.573486328125, 23.551513671875, 23.542724609375, 23.539306640625, 23.544677734375, 23.543359375, 23.531884765625, 23.531884765625, 23.54091796875, 
23.547119140625, 23.559814453125, 23.554833984375, 23.548828125, 23.545556640625, 23.549560546875, 23.558740234375, 23.556396484375, 23.54970703125, 23.546142578125, 23.5517578125, 23.555810546875, 23.559814453125, 23.57666015625, 23.597900390625, 23.616943359375, 23.628076171875, 23.609765625, 23.593994140625, 23.605224609375, 23.609375, 23.621240234375, 23.620849609375, 23.6201171875, 23.618310546875, 23.614404296875, 23.620849609375, 23.62158203125, 23.628076171875, 23.64697265625, 23.66015625, 
23.675927734375, 23.664453125, 23.65029296875, 23.6419921875, 23.640869140625, 23.636962890625, 23.624658203125, 23.615234375, 23.609375, 23.604248046875, 23.59765625, 23.578857421875, 23.531396484375, 23.511962890625, 23.484130859375, 23.488037109375, 23.49111328125, 23.487060546875, 23.470458984375, 23.46376953125, 23.453857421875, 23.449951171875, 23.436181640625, 23.42666015625, 23.417626953125, 23.4052734375, 23.390869140625, 23.387939453125, 23.395263671875, 23.395263671875, 23.374267578125, 
23.312158203125, 23.299072265625, 23.28369140625, 23.211669921875, 23.189208984375, 23.19716796875, 23.19384765625, 23.1830078125, 23.168115234375, 49.8834170593691, 49.8913760437441, 49.8976504578066, 49.9029483093691, 49.9210147156191, 49.9249942078066, 49.9268740906191, 49.9380069031191, 49.9448916687441, 49.9502627624941, 49.9677188171816, 49.9734561218691, 49.9760928406191, 49.9782901062441, 49.9872500671816, 49.9900576843691, 49.9945010437441, 50.0170352234316, 50.0215518249941, 50.0230166687441, 
50.0274111999941, 50.0480410828066, 50.0547549499941, 50.0576846374941, 50.0622012390566, 50.0810000671816, 50.0798526062441, 50.0765322937441, 50.0789248718691, 50.0894229187441, 50.1099307312441, 50.1221865906191, 50.1284365906191, 50.1372744812441, 50.1477725281191, 50.1608340515566, 50.1724795593691, 50.1788272156191, 50.1958194031191, 50.2501162781191, 50.2744815124941, 50.3091983093691, 50.3122012390566, 50.3198916687441, 50.3427188171816, 50.3576846374941, 50.3990420593691, 50.4048037781191, 
50.4061953796816, 50.4064395203066, 50.4075869812441, 50.4115664734316, 50.4390811218691, 50.4529483093691, 50.4662539734316, 50.4931094421816, 50.5076358093691, 50.5140322937441, 50.5183779968691, 50.5286319031191, 50.5410830749941, 50.5515811218691, 50.5632510437441, 50.5713076843691, 50.5829531921816, 50.5755069031191, 50.5816592468691, 50.5853213562441, 50.5891787781191, 50.5966250671816, 50.6058291687441, 50.6137149109316, 50.6170596374941, 50.6213565124941, 50.6400820984316, 50.6444033874941, 
50.6438662781191, 50.6417178406191, 50.6373233093691, 50.6301455749941, 50.6693789734316, 50.6904971374941, 50.7133242859316, 50.7174014343691, 50.7282901062441, 50.7435977234316, 50.7610537781191, 50.7672793640566, 50.7694766296816, 50.7764346374941, 50.7891299499941, 50.8082217468691, 50.8253848328066, 50.8364932312441, 50.8387393249941, 50.8293643249941, 50.8350283874941, 50.8352236999941, 50.8393008484316, 50.8566348328066, 50.8692569031191, 50.8982608093691, 50.9377627624941, 50.9534854187441, 
50.9666201843691, 50.9756533874941, 50.9838320984316, 50.9944522156191, 50.9997012390566, 51.0029971374941, 51.0070986999941, 51.0149600281191, 51.0211123718691, 51.0629336609316, 51.0763613953066, 51.1019961609316, 51.1218447937441, 51.1309756531191, 51.1364199890566, 51.1485537781191, 51.1790713562441, 51.1992861999941, 51.2164981140566, 51.2926699890566, 51.2996279968691, 51.2999209656191, 51.3049502624941, 51.3262393249941, 51.3396182312441, 51.3543154968691, 51.3660830749941, 51.3705508484316, 
51.3841006531191, 51.3943545593691, 51.4013125671816, 51.4047305359316, 51.4166934265566, 51.4542178406191, 51.4604678406191, 51.4804141296816, 51.4865176453066, 51.4907412781191, 51.4975039734316, 51.5114932312441, 51.5310733093691, 51.5361514343691, 51.5399111999941, 51.5555361999941, 51.5551944031191, 51.5555361999941, 51.5790469421816, 51.5930361999941, 51.6073672546816, 51.6343447937441, 51.6441104187441, 51.6517276062441, 51.6592471374941, 51.6599795593691, 51.6622988953066, 51.6722354187441, 
51.6765322937441, 51.6835391296816, 51.6898867859316, 51.6926944031191, 51.6954287781191, 51.7017276062441, 51.7086856140566, 51.7138125671816, 51.7368838562441, 51.7476260437441, 51.7547549499941, 51.7669619812441, 51.7749697937441, 51.7867373718691, 51.8100039734316, 51.8254580749941, 51.8435733093691, 51.8518740906191, 51.8735537781191, 51.8777041687441, 51.8822695984316, 51.8834170593691, 51.8834903015566, 51.8845401062441, 51.8958194031191, 51.9281680359316, 51.9466006531191, 51.9743106140566, 
51.9871279968691, 51.9944033874941, 52.0114199890566, 52.0492617859316, 52.0617129578066, 52.0731875671816, 52.0847354187441, 52.0899600281191, 52.0925967468691, 52.0989444031191, 52.1070498718691, 52.1148135437441, 52.1218447937441, 52.1209170593691, 52.1247012390566, 52.1588809265566, 52.1624209656191, 52.1743838562441, 52.1819033874941, 52.1719424499941, 52.1766299499941, 52.1817569031191, 52.1861514343691, 52.1759707703066, 52.1770694031191, 52.1827334656191, 52.1861514343691, 52.1827334656191, 
52.1843936218691, 52.1936221374941, 52.1997744812441, 52.2012393249941, 52.2155947937441, 52.2237002624941, 52.2200381531191, 52.2319522156191, 52.2407901062441, 52.2585635437441, 52.2717471374941, 52.2816104187441, 52.2891787781191), c(22.5681874948817, 22.58291015625, 22.600244140625, 22.61181640625, 22.63623046875, 22.68896484375, 22.84462890625, 22.92275390625, 22.95205078125, 22.97509765625, 22.984521484375, 23.00576171875, 23.02392578125, 23.052001953125, 23.047119140625, 23.0419921875, 23.0390625, 
23.0556640625, 23.071923828125, 23.087060546875, 23.1005859375, 23.118798828125, 23.15029296875, 23.168115234375, 52.4015173293215, 52.3945986999941, 52.3990420593691, 52.3873233093691, 52.3836611999941, 52.3854434265566, 52.3656680359316, 52.3723330749941, 52.3665713562441, 52.3528506531191, 52.3301944031191, 52.3370303406191, 52.3305117859316, 52.3096377624941, 52.3042666687441, 52.2938174499941, 52.2891787781191, 52.2829043640566, 52.2860049499941, 52.2924258484316, 52.2960147156191, 52.2932803406191, 
52.2816104187441, 52.2818057312441))
"779River",8,"River","Mukhavyets",NA,779,"Version 1.2 edit in N. America and Europe",7,"Mukhavets",8,1159127305,"Mukhavyets","Q430799","موخافيتس","মুখাভিয়েতস","Muchawez","Mukhavyets","Moukhavets","Μουκχαβιέτς","मुखव्येत्स","Mukhavyets","Mukhavyets","Mukhavets","ムハヴェツ川","무하비에츠","Moechavets","Muchawiec","Mukhavyets","Мухавец","Muchavets","Mukhavyets","Sông Mukhavyets","穆哈韋茨河","موکهاویتس","מולאניה","Мухавець","موکھاویٹس","穆哈韋茨河",c(23.635498046875, 23.885009765625, 23.89697265625, 23.906494140625, 23.913720703125, 23.919189453125, 23.92958984375, 23.95703125, 23.975732421875, 23.9912109375, 24.007958984375, 24.055419921875, 24.126220703125, 24.14892578125, 24.1625, 24.170166015625, 24.1806640625, 24.200927734375, 24.22265625, 24.25625, 24.326904296875, 24.353515625, 24.3740234375, 24.3955078125, 24.404296875, 24.39443359375, 24.37783203125, 24.37060546875, 24.379052734375, 24.418603515625, 24.42041015625, 24.418115234375, 
24.443115234375, 24.45947265625, 24.46962890625, 24.470703125, 24.46044921875, 24.443115234375, 24.42138671875, 24.400146484375, 24.38125, 24.36474609375, 24.3447265625, 24.283935546875, 24.24853515625, 24.220458984375, 24.2041015625, 24.202294921875, 24.21484375, 24.20595703125, 24.206787109375, 24.20498046875, 24.132080078125, 24.10009765625, 24.06982421875, 24.033837890625, 24.01318359375, 23.995849609375, 23.9775390625, 23.953125, 23.891357421875, 23.86513671875, 23.847412109375, 23.828857421875, 
23.80078125, 23.7724609375, 23.753564453125, 23.747216796875, 23.75380859375, 23.75341796875, 23.749755859375, 52.0837588562441, 52.0974307312441, 52.1006045593691, 52.1076846374941, 52.1146914734316, 52.1179385437441, 52.1214541687441, 52.1452090515566, 52.1520449890566, 52.1588809265566, 52.1548037781191, 52.1525332703066, 52.1381289734316, 52.1415469421816, 52.1469912781191, 52.1457705749941, 52.1408877624941, 52.1372744812441, 52.1375674499941, 52.1482119812441, 52.1584658874941, 52.1679873718691, 
52.1722354187441, 52.1653506531191, 52.1523623718691, 52.1420352234316, 52.1327578796816, 52.1224307312441, 52.1108584656191, 52.0869815124941, 52.0769229187441, 52.0681826843691, 52.0479678406191, 52.0302188171816, 52.0100283874941, 51.9920596374941, 51.9718692078066, 51.9464053406191, 51.9284854187441, 51.9262881531191, 51.9298770203066, 51.9257998718691, 51.9174990906191, 51.9028506531191, 51.8908145203066, 51.8770694031191, 51.8648623718691, 51.8526553406191, 51.8232608093691, 51.7896670593691, 
51.7737002624941, 51.7611026062441, 51.7175967468691, 51.7063174499941, 51.7007022156191, 51.7019229187441, 51.6999697937441, 51.6946475281191, 51.6782412781191, 51.6659610046816, 51.6347842468691, 51.6118838562441, 51.5828311218691, 51.5578799499941, 51.5446963562441, 51.5391787781191, 51.5324893249941, 51.5252627624941, 51.5094668640566, 51.4980654968691, 51.4848086609316)
"871River",8,"River","Mureș",NA,871,NA,7,"Mureș",8,1159128267,"Mureș","Q207493","موريش","মুরেস","Mureș","Mureș","Mureș","Μουρές","मुरस","Maros","Mureș","Mureș","ムレシュ川","무레슈강","Mureș","Marusza","Mureș","Марош","Maros","Maroș","Sông Mureș","穆列什河","رود مورش","מורש","Муреш","موریز","穆列什河",c(25.6728515625, 25.642578125, 25.614501953125, 25.5791015625, 25.5166015625, 25.49462890625, 25.47373046875, 25.456640625, 25.4466796875, 25.44677734375, 25.461669921875, 25.46640625, 25.46103515625, 25.43984375, 25.40712890625, 25.36767578125, 25.1763671875, 25.15439453125, 25.09189453125, 25.066650390625, 25, 24.9580078125, 24.9154296875, 24.8388671875, 24.818603515625, 24.8017578125, 24.75927734375, 24.707275390625, 24.611474609375, 24.544580078125, 24.45458984375, 24.355126953125, 24.260009765625, 
24.2376953125, 24.1982421875, 24.158349609375, 24.152587890625, 24.143701171875, 24.13623046875, 24.13076171875, 24.12685546875, 24.111083984375, 24.11025390625, 24.112939453125, 24.107568359375, 24.0908203125, 24.0814453125, 24.07412109375, 24.064111328125, 24.052392578125, 24.04873046875, 24.044921875, 24.03564453125, 24.03076171875, 24.021142578125, 24.00146484375, 23.990625, 23.739990234375, 23.73095703125, 23.736474609375, 23.7470703125, 23.753173828125, 23.748779296875, 23.721923828125, 23.7138671875, 
23.7158203125, 23.7216796875, 23.72998046875, 23.724365234375, 23.699462890625, 23.697998046875, 23.6953125, 23.688232421875, 23.678125, 23.659423828125, 23.648828125, 23.63232421875, 23.60400390625, 23.5869140625, 23.572265625, 23.5404296875, 23.525146484375, 23.5169921875, 23.50146484375, 23.493310546875, 23.47548828125, 23.438134765625, 23.42041015625, 23.389892578125, 23.376953125, 23.375146484375, 23.3529296875, 23.319580078125, 23.25830078125, 23.2451171875, 23.236962890625, 23.22060546875, 
23.2080078125, 23.160546875, 23.113916015625, 23.0908203125, 23.064453125, 23.0439453125, 23.00439453125, 22.984521484375, 22.87001953125, 22.845703125, 22.790185546875, 22.76416015625, 22.649072265625, 22.5453125, 22.520751953125, 22.493896484375, 22.4681640625, 22.44677734375, 22.416650390625, 22.395751953125, 22.308837890625, 22.26611328125, 22.24462890625, 22.20263671875, 22.135400390625, 22.1328398030001, 46.6353701843691, 46.6360049499941, 46.6396670593691, 46.6528994812441, 46.6701113953066, 
46.6804385437441, 46.6931338562441, 46.7093447937441, 46.7302920593691, 46.7505069031191, 46.7886416687441, 46.8089053406191, 46.8539492859316, 46.8851992859316, 46.9058779968691, 46.9191348328066, 46.9676455749941, 46.9683291687441, 46.9625918640566, 46.9644229187441, 46.9846865906191, 46.9848819031191, 46.9712588562441, 46.9276797546816, 46.9124209656191, 46.8954531921816, 46.8349795593691, 46.7859561218691, 46.6345889343691, 46.5606143249941, 46.5064639343691, 46.4733340515566, 46.4623477234316, 
46.4661807312441, 46.4823672546816, 46.4877383484316, 46.4870059265566, 46.4821963562441, 46.4745547546816, 46.4594912781191, 46.4556338562441, 46.4536807312441, 46.4597842468691, 46.4691836609316, 46.4770694031191, 46.4812197937441, 46.4779727234316, 46.4714541687441, 46.4653994812441, 46.4516055359316, 46.4480654968691, 46.4492373718691, 46.4588076843691, 46.4600772156191, 46.4546572937441, 46.4381778015566, 46.4315860046816, 46.3622500671816, 46.3543154968691, 46.3463076843691, 46.3378360046816, 
46.3285586609316, 46.3083682312441, 46.2747256531191, 46.2547549499941, 46.2484805359316, 46.2444033874941, 46.2408389343691, 46.2178408874941, 46.1554629578066, 46.1472842468691, 46.1392276062441, 46.1297061218691, 46.1223330749941, 46.1181094421816, 46.1133975281191, 46.0975283874941, 46.0563418640566, 46.0391299499941, 46.0320498718691, 46.0254092468691, 46.0200869812441, 46.0188662781191, 46.0241153015566, 46.0224063171816, 46.0144717468691, 46.0033633484316, 45.9956729187441, 45.9699160828066, 
45.9630801453066, 45.9637393249941, 45.9686953796816, 45.9630801453066, 45.9414248718691, 45.9346377624941, 45.9289004578066, 45.9125430359316, 45.9052188171816, 45.8959414734316, 45.8753604187441, 45.8689639343691, 45.8707949890566, 45.8787295593691, 45.9011904968691, 45.9096865906191, 45.9446475281191, 45.9469668640566, 45.9402529968691, 45.9402041687441, 45.9541690124941, 45.9501406921816, 45.9531436218691, 45.9619326843691, 45.9741885437441, 45.9877383484316, 46.0172793640566, 46.0222842468691, 
46.0169619812441, 46.0258975281191, 46.0259951843691, 46.0175235046816, 46.0167910828066, 46.0173196837556)
"429Lake Centerline",7,"Lake Centerline","Pripyat",NA,429,NA,6,"Prypiat",7,1159120231,"Pripyat","Q157042","نهر بريبيات","প্রিপ্যাত","Prypjat","Prípiat","Pripiat","Πρίπιατ","प्रिप्यात","Pripjaty","Pripyat","Pryp""jat'","プリピャチ川","프리피야티강","Prypjat","Prypeć","Pripiat","Припять","Prypjat","Pripyat","Pripyat","普里皮亚季河","رود پریپیات","פריפיאט","Прип'ять","پریپیات","普里皮亞季河",c(30.4599609375, 30.483154296875, 30.515234375, 51.1787783874941, 51.1599307312441, 51.1377139343691)
"429River",7,"River","Pripyat",NA,429,NA,6,"Prypiat",7,1159120249,"Pripyat","Q157042","نهر بريبيات","প্রিপ্যাত","Prypjat","Prípiat","Pripiat","Πρίπιατ","प्रिप्यात","Pripjaty","Pripyat","Pryp""jat'","プリピャチ川","프리피야티강","Prypjat","Prypeć","Pripiat","Припять","Prypjat","Pripyat","Pripyat","普里皮亚季河","رود پریپیات","פריפיאט","Прип'ять","پریپیات","普里皮亞季河",c(25.546630859375, 25.59228515625, 25.66201171875, 25.704345703125, 25.890625, 25.91123046875, 25.9982421875, 26.02646484375, 26.037109375, 26.0560546875, 26.0673828125, 26.09462890625, 26.162109375, 26.18408203125, 26.224853515625, 26.25068359375, 26.28505859375, 26.34169921875, 26.36083984375, 26.3818359375, 26.402587890625, 26.4208984375, 26.4369140625, 26.45615234375, 26.491943359375, 26.659765625, 26.72900390625, 26.7470703125, 26.781494140625, 26.801025390625, 26.82177734375, 26.86474609375, 
26.88662109375, 26.90087890625, 26.93896484375, 26.958740234375, 26.97939453125, 27.0443359375, 27.05234375, 27.06552734375, 27.0712890625, 27.11630859375, 27.18076171875, 27.1908203125, 27.20126953125, 27.224853515625, 27.2666015625, 27.2767578125, 27.2923828125, 27.30068359375, 27.3384765625, 27.35546875, 27.36083984375, 27.36279296875, 27.367919921875, 27.404296875, 27.428466796875, 27.4384765625, 27.52197265625, 27.56201171875, 27.6083984375, 27.6265625, 27.6689453125, 27.6849609375, 27.72470703125, 
27.741796875, 27.7841796875, 27.795166015625, 27.8140625, 27.838134765625, 27.845703125, 27.8505859375, 27.856201171875, 27.86669921875, 27.8734375, 27.890234375, 27.89990234375, 27.92138671875, 28.00009765625, 28.0091796875, 28.01650390625, 28.02412109375, 28.034423828125, 28.05068359375, 28.07607421875, 28.15380859375, 28.17490234375, 28.195068359375, 28.21923828125, 28.23232421875, 28.291259765625, 28.308837890625, 28.3349609375, 28.3564453125, 28.37353515625, 28.4056640625, 28.4501953125, 28.49365234375, 
28.53125, 28.541259765625, 28.55556640625, 28.565673828125, 28.67421875, 28.67861328125, 28.680908203125, 28.68564453125, 28.690673828125, 28.69287109375, 28.691650390625, 28.6890625, 28.68662109375, 28.68544921875, 28.69384765625, 28.71376953125, 28.73642578125, 28.753662109375, 28.77353515625, 28.7962890625, 28.818359375, 28.836328125, 28.84658203125, 28.86181640625, 28.901123046875, 28.906982421875, 28.91611328125, 28.921630859375, 28.9244140625, 28.9263671875, 28.929443359375, 28.935302734375, 
28.97275390625, 29.042724609375, 29.0712890625, 29.121484375, 29.137939453125, 29.146484375, 29.149658203125, 29.152099609375, 29.1583984375, 29.168359375, 29.182373046875, 29.194580078125, 29.199951171875, 29.332763671875, 29.352294921875, 29.40478515625, 29.45615234375, 29.482421875, 29.49365234375, 29.491455078125, 29.48203125, 29.4798828125, 29.487548828125, 29.5013671875, 29.50791015625, 29.49365234375, 29.49365234375, 29.50673828125, 29.51376953125, 29.5228515625, 29.5419921875, 29.5517578125, 
29.56396484375, 29.57275390625, 29.5794921875, 29.58154296875, 29.57919921875, 29.56982421875, 29.57626953125, 29.587158203125, 29.59716796875, 29.60693359375, 29.624267578125, 29.634521484375, 29.654296875, 29.66708984375, 29.67822265625, 29.6927734375, 29.67431640625, 29.6685546875, 29.66611328125, 29.667578125, 29.671630859375, 29.676171875, 29.67919921875, 29.6796875, 29.685302734375, 29.6859375, 29.708251953125, 29.722900390625, 29.744384765625, 29.7578125, 29.762939453125, 29.770751953125, 
29.806396484375, 29.823974609375, 29.83359375, 29.82314453125, 29.82314453125, 29.83193359375, 29.843017578125, 29.856201171875, 29.87099609375, 29.88291015625, 29.910546875, 29.918701171875, 29.9205078125, 29.91220703125, 29.91123046875, 29.911376953125, 29.912353515625, 29.9146484375, 29.918701171875, 29.929296875, 29.942138671875, 29.948486328125, 29.93935546875, 29.95205078125, 29.9609375, 29.969482421875, 29.980224609375, 29.9892578125, 30.00341796875, 30.014892578125, 30.03525390625, 30.06005859375, 
30.0845703125, 30.10439453125, 30.110595703125, 30.09091796875, 30.083251953125, 30.10107421875, 30.1240234375, 30.14365234375, 30.152099609375, 30.150146484375, 30.154541015625, 30.1689453125, 30.173828125, 30.17080078125, 30.164306640625, 30.158935546875, 30.16748046875, 30.1890625, 30.199951171875, 30.220458984375, 30.230224609375, 30.277099609375, 30.29248046875, 30.3048828125, 30.314697265625, 30.321044921875, 30.323486328125, 30.32763671875, 30.33740234375, 30.358154296875, 30.41259765625, 
30.44091796875, 30.4599609375, 52.0285098328066, 52.0340029968691, 52.0604922546816, 52.0694522156191, 52.0692813171816, 52.0721377624941, 52.1004580749941, 52.1042666687441, 52.1028994812441, 52.0977236999941, 52.0974307312441, 52.1095645203066, 52.1182803406191, 52.1179385437441, 52.1105410828066, 52.1090762390566, 52.1185244812441, 52.0974307312441, 52.0958926453066, 52.0974795593691, 52.1033877624941, 52.1148135437441, 52.1223819031191, 52.1231143249941, 52.1179385437441, 52.1248721374941, 52.1179385437441, 
52.1217715515566, 52.1398379578066, 52.1452090515566, 52.1440615906191, 52.1334903015566, 52.1309268249941, 52.1346377624941, 52.1525332703066, 52.1588809265566, 52.1609072937441, 52.1588809265566, 52.1566836609316, 52.1473330749941, 52.1452090515566, 52.1520449890566, 52.1504092468691, 52.1554629578066, 52.1653994812441, 52.1605899109316, 52.1452090515566, 52.1461123718691, 52.1505801453066, 52.1520449890566, 52.1520449890566, 52.1555361999941, 52.1530947937441, 52.1417910828066, 52.1394717468691, 
52.1452090515566, 52.1338565124941, 52.1309268249941, 52.1303897156191, 52.1247012390566, 52.1068789734316, 52.1042666687441, 52.1043154968691, 52.1003604187441, 52.0817324890566, 52.0804385437441, 52.0837588562441, 52.0826358093691, 52.0779971374941, 52.0750674499941, 52.0706729187441, 52.0659365906191, 52.0626895203066, 52.0600039734316, 52.0591983093691, 52.0626895203066, 52.0661807312441, 52.0769229187441, 52.0769229187441, 52.0747256531191, 52.0710635437441, 52.0702578796816, 52.0769229187441, 
52.0661074890566, 52.0696963562441, 52.0913760437441, 52.1057803406191, 52.1142031921816, 52.1042666687441, 52.1089541687441, 52.1042666687441, 52.0983340515566, 52.0734317078066, 52.0694522156191, 52.0748233093691, 52.0933291687441, 52.0993106140566, 52.1116885437441, 52.1116885437441, 52.1146914734316, 52.1278750671816, 52.1309268249941, 52.1384951843691, 52.1417910828066, 52.1449649109316, 52.1460147156191, 52.1449649109316, 52.1417910828066, 52.1356143249941, 52.1324404968691, 52.1304385437441, 
52.1278018249941, 52.1164004578066, 52.1121768249941, 52.1098819031191, 52.1042666687441, 52.1134707703066, 52.1212100281191, 52.1238467468691, 52.1179385437441, 52.1323428406191, 52.1353701843691, 52.1309268249941, 52.1289248718691, 52.1199404968691, 52.1179385437441, 52.1189639343691, 52.1212832703066, 52.1236026062441, 52.1247012390566, 52.1247012390566, 52.1107852234316, 52.1164736999941, 52.1146182312441, 52.1116885437441, 52.1061465515566, 52.1006533874941, 52.0952334656191, 52.0899600281191, 
52.0885684265566, 52.0888125671816, 52.0871768249941, 52.0803408874941, 52.0136172546816, 51.9868838562441, 51.9595889343691, 51.9481875671816, 51.9381045593691, 51.9220645203066, 51.9088809265566, 51.8828799499941, 51.8671328796816, 51.8585147156191, 51.8513858093691, 51.8444278015566, 51.8367373718691, 51.8299014343691, 51.8190371765566, 51.8032901062441, 51.7889346374941, 51.7820986999941, 51.7840029968691, 51.7935244812441, 51.7957217468691, 51.7915225281191, 51.7820986999941, 51.7727236999941, 
51.7663028015566, 51.7615420593691, 51.7568545593691, 51.7547549499941, 51.7570254578066, 51.7663760437441, 51.7685000671816, 51.7640322937441, 51.7538516296816, 51.7422061218691, 51.7337100281191, 51.7219912781191, 51.7158877624941, 51.7063662781191, 51.7004580749941, 51.7003848328066, 51.7017276062441, 51.7001406921816, 51.7000186218691, 51.6881778015566, 51.6858584656191, 51.6590029968691, 51.6488711609316, 51.6449649109316, 51.6384951843691, 51.6244570984316, 51.6103701843691, 51.5999697937441, 
51.5905215515566, 51.5790469421816, 51.5692080749941, 51.5630069031191, 51.5536563171816, 51.5450381531191, 51.5383975281191, 51.5350283874941, 51.5367373718691, 51.5440615906191, 51.5425479187441, 51.5353457703066, 51.5211856140566, 51.5145938171816, 51.5137881531191, 51.5109317078066, 51.5065371765566, 51.5009219421816, 51.4969424499941, 51.4959658874941, 51.4905947937441, 51.4736514343691, 51.4682070984316, 51.4700381531191, 51.4736514343691, 51.4736514343691, 51.4679629578066, 51.4488467468691, 
51.4395205749941, 51.4333682312441, 51.4331729187441, 51.4376162781191, 51.4456729187441, 51.4395205749941, 51.4274356140566, 51.4252383484316, 51.4153506531191, 51.4062686218691, 51.3955264343691, 51.3808779968691, 51.3690860046816, 51.3655947937441, 51.3643740906191, 51.3594424499941, 51.3483340515566, 51.3365420593691, 51.3296572937441, 51.3255557312441, 51.3218447937441, 51.3165957703066, 51.2855899109316, 51.2750186218691, 51.2520205749941, 51.2476748718691, 51.2475039734316, 51.2457949890566, 
51.2406680359316, 51.2302920593691, 51.2226016296816, 51.2203311218691, 51.2204043640566, 51.2069033874941, 51.1950869812441, 51.1787783874941)
"463River",7,"River","Donets",NA,463,NA,6,"Donets",7,1159120913,"Donets","Q191238","نهر سيفيرسكي دونتس","ডনেটস","Siwerskyj Donez","Donets","Donets","Ντόνετς","डोनेट्स","Donyec","Donets","Severskij Donec","ドネツ川","세베르스키도네츠강","Severski Donets","Doniec","Donets","Северский Донец","Donets","Donets","Sông Donets","北顿涅茨河","سیورسکی دونتس","סוורסקי דונץ","Сіверський Донець","ڈونیٹس","北頓涅茨河",list(c(36.949951171875, 36.92958984375, 36.88779296875, 36.870703125, 36.8607421875, 36.8404296875, 36.829833984375, 36.82080078125, 36.73154296875, 36.716552734375, 36.72216796875, 36.70673828125, 36.6859375, 36.67568359375, 36.6705078125, 36.63388671875, 36.6162109375, 36.603271484375, 36.6001953125, 36.60830078125, 36.62783203125, 36.6630859375, 36.66806640625, 36.676513671875, 36.730224609375, 36.7787109375, 36.795654296875, 36.7994140625, 36.80283203125, 36.805078125, 36.80712890625, 36.81064453125, 
36.84736328125, 36.852294921875, 36.85361328125, 36.85048828125, 36.843505859375, 36.83642578125, 36.833251953125, 36.833251953125, 36.82587890625, 36.812109375, 36.80341796875, 36.812109375, 36.8271484375, 36.86083984375, 36.87294921875, 36.88623046875, 36.94814453125, 36.964111328125, 36.96689453125, 36.95546875, 36.93642578125, 36.92197265625, 36.8619140625, 36.7451171875, 36.696044921875, 36.6986328125, 36.68369140625, 36.6611328125, 36.641357421875, 36.6298828125, 36.605224609375, 36.59365234375, 
36.582275390625, 36.552001953125, 36.53828125, 36.52890625, 36.51767578125, 36.498046875, 36.48623046875, 36.46533203125, 36.45654296875, 36.44775390625, 36.43310546875, 36.422265625, 36.406005859375, 36.38046875, 36.35693359375, 36.3466796875, 36.34365234375, 36.332763671875, 36.33291015625, 36.3431640625, 36.3619140625, 36.38271484375, 36.3984375, 36.417724609375, 36.465576171875, 36.484375, 36.5150390625, 36.53603515625, 36.5751953125, 36.59658203125, 36.63388671875, 36.64560546875, 36.682373046875, 
36.69296875, 36.7154296875, 36.748046875, 36.771484375, 36.792236328125, 36.812255859375, 36.82861328125, 36.844921875, 36.8638671875, 36.8814453125, 36.89833984375, 36.916015625, 36.936279296875, 36.9708984375, 36.9896484375, 37.038671875, 37.058984375, 37.07666015625, 37.09326171875, 37.107666015625, 37.11376953125, 37.123779296875, 37.13525390625, 37.14453125, 37.14853515625, 37.14609375, 37.1392578125, 37.12939453125, 37.1171875, 37.10751953125, 37.09658203125, 37.08642578125, 37.00107421875, 
36.95615234375, 36.949951171875, 36.92578125, 36.9169921875, 36.9205078125, 36.94384765625, 36.933837890625, 36.9169921875, 36.90830078125, 36.91611328125, 36.935302734375, 36.991796875, 37.02197265625, 37.03427734375, 37.0498046875, 37.059814453125, 37.08291015625, 37.09326171875, 37.13828125, 37.172119140625, 37.179296875, 37.2099609375, 37.24755859375, 37.25537109375, 37.2578125, 37.263427734375, 37.2763671875, 37.2904296875, 37.29931640625, 37.300537109375, 37.30625, 37.3228515625, 37.3642578125, 
37.389892578125, 37.4017578125, 37.411376953125, 37.42041015625, 37.46435546875, 37.470703125, 37.47412109375, 37.47509765625, 37.4775390625, 37.4984375, 37.52490234375, 37.55166015625, 37.566796875, 37.5794921875, 37.599853515625, 37.621826171875, 37.63857421875, 37.651123046875, 37.6458984375, 37.63095703125, 37.6146484375, 37.6146484375, 37.619140625, 37.6240234375, 37.6283203125, 37.61416015625, 37.60791015625, 37.60791015625, 37.6595703125, 37.713623046875, 37.751220703125, 37.7548828125, 37.75732421875, 
37.76181640625, 37.77236328125, 37.8021484375, 37.88525390625, 37.92255859375, 37.9291015625, 37.93984375, 37.950439453125, 37.96142578125, 37.971923828125, 37.98193359375, 37.991455078125, 38.01025390625, 38.0244140625, 38.04599609375, 38.1708984375, 38.20986328125, 38.218359375, 38.22353515625, 38.23095703125, 38.2349609375, 38.2408203125, 38.246826171875, 38.2515625, 38.252197265625, 38.24951171875, 38.245849609375, 38.24404296875, 38.241455078125, 38.24892578125, 38.27197265625, 38.308837890625, 
38.343505859375, 38.51220703125, 38.56884765625, 38.58447265625, 38.625, 38.641845703125, 38.6806640625, 38.70615234375, 38.7298828125, 38.75693359375, 38.799560546875, 38.82041015625, 38.885498046875, 38.897216796875, 38.91689453125, 38.92685546875, 38.961669921875, 38.97080078125, 38.983642578125, 38.989501953125, 38.997314453125, 39.015869140625, 39.026123046875, 39.03076171875, 39.04208984375, 39.0556640625, 39.067138671875, 39.108642578125, 39.11669921875, 39.1333984375, 39.139404296875, 39.16064453125, 
39.1904296875, 39.21103515625, 39.22998046875, 39.240478515625, 39.2451171875, 39.247314453125, 39.25673828125, 39.25888671875, 39.26748046875, 39.28720703125, 39.3091796875, 39.32431640625, 39.33505859375, 39.3609375, 39.36806640625, 39.36962890625, 39.369140625, 39.3701171875, 39.3755859375, 39.38193359375, 39.40966796875, 39.46826171875, 39.515869140625, 39.522216796875, 39.5267578125, 39.529541015625, 39.531982421875, 39.536376953125, 39.5400390625, 39.545166015625, 39.55478515625, 39.560546875, 
39.6158203125, 39.669677734375, 39.68955078125, 39.80859375, 39.8349609375, 39.8544921875, 39.86220703125, 39.86328125, 39.865625, 39.867919921875, 39.86904296875, 39.86474609375, 39.85546875, 39.84619140625, 39.84169921875, 39.84423828125, 39.853759765625, 39.86416015625, 39.89560546875, 39.90634765625, 39.91396484375, 39.923583984375, 50.9801699890566, 50.9729678406191, 50.9656924499941, 50.9566104187441, 50.9402041687441, 50.8941104187441, 50.8845889343691, 50.8789736999941, 50.8045108093691, 
50.7951846374941, 50.7746035828066, 50.7598330749941, 50.7481631531191, 50.7368838562441, 50.7178408874941, 50.6648623718691, 50.6109072937441, 50.5928897156191, 50.5762393249941, 50.5540713562441, 50.5202822937441, 50.4804141296816, 50.4628360046816, 50.4527041687441, 50.4321475281191, 50.3843447937441, 50.3768985046816, 50.3733096374941, 50.3648135437441, 50.3548037781191, 50.3314883484316, 50.3235537781191, 50.2882754578066, 50.2789248718691, 50.2642276062441, 50.2583682312441, 50.2536074890566, 
50.2471865906191, 50.2365908874941, 50.1993350281191, 50.1617373718691, 50.1216983093691, 50.0808779968691, 50.0410830749941, 50.0245303406191, 50.0034854187441, 49.9756533874941, 49.9639346374941, 49.9200381531191, 49.9049014343691, 49.8942324890566, 49.8790225281191, 49.8444278015566, 49.8288028015566, 49.8130557312441, 49.8598819031191, 49.8493106140566, 49.8325869812441, 49.8162295593691, 49.8027529968691, 49.7946231140566, 49.7934024109316, 49.7958438171816, 49.7946231140566, 49.7888858093691, 
49.7598819031191, 49.7415713562441, 49.7243106140566, 49.7094912781191, 49.6984317078066, 49.6958194031191, 49.6941592468691, 49.6916690124941, 49.6858096374941, 49.6712100281191, 49.6643252624941, 49.6706729187441, 49.6754824890566, 49.6738955749941, 49.6609072937441, 49.6433779968691, 49.6044375671816, 49.5892276062441, 49.5768496765566, 49.5634219421816, 49.5526065124941, 49.5482119812441, 49.5462100281191, 49.5342959656191, 49.5271670593691, 49.5076358093691, 49.5016543640566, 49.5171572937441, 
49.5053164734316, 49.4725283874941, 49.4685244812441, 49.4656924499941, 49.4611270203066, 49.4479434265566, 49.4396426453066, 49.4132022156191, 49.4042422546816, 49.4092471374941, 49.4225528015566, 49.4309268249941, 49.4210147156191, 49.4086367859316, 49.4065615906191, 49.4074893249941, 49.4042422546816, 49.3903262390566, 49.3855654968691, 49.3820254578066, 49.3767276062441, 49.3679873718691, 49.3558291687441, 49.3401553406191, 49.3353213562441, 49.3322207703066, 49.3307559265566, 49.3274600281191, 
49.3186221374941, 49.3064639343691, 49.2991397156191, 49.2953555359316, 49.2943789734316, 49.2916934265566, 49.2785098328066, 49.2738711609316, 49.2987735046816, 49.3043887390566, 49.2800967468691, 49.2758242859316, 49.2614932312441, 49.2462100281191, 49.2315615906191, 49.2150332703066, 49.1987490906191, 49.1919619812441, 49.1771914734316, 49.1712100281191, 49.1697940124941, 49.1640078796816, 49.1666934265566, 49.1773623718691, 49.1782901062441, 49.1561953796816, 49.1509951843691, 49.1571719421816, 
49.1401553406191, 49.1381289734316, 49.1509951843691, 49.1587100281191, 49.1694522156191, 49.1950869812441, 49.2150332703066, 49.2132022156191, 49.1995791687441, 49.1845156921816, 49.1497256531191, 49.1311709656191, 49.1230654968691, 49.1230654968691, 49.1154971374941, 49.1156680359316, 49.1061465515566, 49.0997988953066, 49.0800235046816, 49.0746524109316, 49.0676455749941, 49.0534121765566, 49.0473086609316, 49.0299014343691, 49.0220401062441, 49.0253360046816, 49.0337100281191, 49.0429141296816, 
49.0475528015566, 49.0462100281191, 49.0374209656191, 49.0203311218691, 49.0155703796816, 49.0139346374941, 49.0064151062441, 49.0001895203066, 48.9966983093691, 48.9896914734316, 48.9859072937441, 48.9746768249941, 48.9722354187441, 48.9653994812441, 48.9595401062441, 48.9592471374941, 48.9312686218691, 48.9207705749941, 48.9088076843691, 48.8978213562441, 48.8903262390566, 48.9014834656191, 48.8869082703066, 48.8903262390566, 48.8958682312441, 48.9114932312441, 48.9176699890566, 48.9177920593691, 
48.9131533874941, 48.9073428406191, 48.9039981140566, 48.9058779968691, 48.9141787781191, 48.9374453796816, 48.9319522156191, 48.9238467468691, 48.9297549499941, 48.9369570984316, 48.9517764343691, 48.9533877624941, 48.9529971374941, 48.9538760437441, 48.9592471374941, 48.9662539734316, 48.9700869812441, 48.9726016296816, 48.9756533874941, 49.0109317078066, 49.0221621765566, 49.0275332703066, 49.0200381531191, 48.9989688171816, 48.8623721374941, 48.8300235046816, 48.8179873718691, 48.7771182312441, 
48.7674014343691, 48.7601992859316, 48.7584903015566, 48.7703311218691, 48.7659365906191, 48.7531192078066, 48.7510440124941, 48.7531192078066, 48.7510440124941, 48.7416445984316, 48.7395205749941, 48.7471377624941, 48.7463565124941, 48.7328555359316, 48.7144229187441, 48.6981143249941, 48.6911074890566, 48.6609561218691, 48.6515567078066, 48.6463076843691, 48.6439883484316, 48.6432559265566, 48.6500918640566, 48.6559512390566, 48.6741397156191, 48.6780459656191, 48.6815127624941, 48.6985537781191, 
48.7047061218691, 48.7001406921816, 48.7004580749941, 48.7084414734316, 48.7185244812441, 48.7367617859316, 48.7429385437441, 48.7511660828066, 48.7591006531191, 48.7650820984316, 48.7674014343691, 48.7610049499941, 48.7299990906191, 48.7190127624941, 48.7117861999941, 48.7033145203066, 48.6941592468691, 48.6848819031191, 48.6813418640566, 48.6705996765566, 48.6590518249941, 48.6364932312441, 48.6310488953066, 48.6071231140566, 48.6016787781191, 48.6001651062441, 48.5921572937441, 48.5886904968691, 
48.5881533874941, 48.5945986999941, 48.5954776062441, 48.5865420593691, 48.5886904968691, 48.5939395203066, 48.5840029968691, 48.5737979187441, 48.5563418640566, 48.5303408874941, 48.5230166687441, 48.5173526062441, 48.5131289734316, 48.5101992859316, 48.5017764343691, 48.4996279968691, 48.5000674499941, 48.4992861999941, 48.4837100281191, 48.4757022156191, 48.4700381531191, 48.4241397156191, 48.3986270203066, 48.3849551453066, 48.3764102234316), c(40.1595430910001, 40.15673828125, 40.143310546875, 
40.12890625, 40.1029296875, 40.091552734375, 39.923583984375, 48.3502785730214, 48.3496768249941, 48.3484561218691, 48.3519961609316, 48.3658389343691, 48.3689639343691, 48.3689639343691))
"464River",7,"River","Oka",NA,464,NA,6,"Oka",7,1159120925,"Oka","Q172089","نهر أوكا","ওকা নদী","Oka","Oká","Oka","Ποταμός Οκά","ओका","Oka","Oka","Oka","オカ川","오카강","Oka","Oka","Oka","Ока","Oka","Oka","Oka","奥卡河","رود اوکا","אוקה","Ока","اوکا","奧卡河",c(36.2482421875, 36.228125, 36.206298828125, 36.15087890625, 36.11904296875, 36.09736328125, 36.074609375, 36.05517578125, 36.0435546875, 36.04013671875, 36.0380859375, 36.0341796875, 36.02783203125, 36.01708984375, 36.000244140625, 35.96875, 35.955078125, 35.94248046875, 35.93154296875, 35.92275390625, 35.92275390625, 35.9184379062702, 52.3922061218691, 52.3996768249941, 52.4033877624941, 52.4021182312441, 52.4050479187441, 52.4110781921816, 52.4136416687441, 52.4229190124941, 52.4395694031191, 
52.4559268249941, 52.4946475281191, 52.5115420593691, 52.5269229187441, 52.5381045593691, 52.5424258484316, 52.5382754578066, 52.5363223328066, 52.5364932312441, 52.5403018249941, 52.5492617859316, 52.5908389343691, 52.6166897186426)
"465River",7,"River","Desna",NA,465,NA,6,"Desna",7,1159120941,"Desna","Q202796","ديسنا","দেসনা","Desna","Desná","Desna","Ντέσνα","डेसना","Gyeszna","Desna","Desna","デスナ川","데스나강","Desna","Desna","Desna","Десна","Desna","Desna","Desna","杰斯纳河","رود دسنا","דסנה","Десна","ڈیسنا","傑斯納河",list(c(34.0221885284686, 34.018798828125, 34.006591796875, 33.96875, 33.949609375, 33.90615234375, 33.889892578125, 33.7705078125, 33.760498046875, 33.745849609375, 33.73232421875, 33.663818359375, 33.6474609375, 33.640380859375, 33.6244140625, 33.616943359375, 33.6162109375, 33.602783203125, 33.5384765625, 33.51181640625, 33.48388671875, 33.47900390625, 33.47861328125, 33.4759765625, 33.465576171875, 33.45205078125, 33.413818359375, 52.6778260357097, 52.6619815124941, 52.6504580749941, 52.6392764343691, 
52.6300723328066, 52.6032901062441, 52.5977236999941, 52.5787295593691, 52.5706240906191, 52.5530459656191, 52.5441348328066, 52.5269717468691, 52.5250186218691, 52.5219912781191, 52.5037783874941, 52.4927432312441, 52.4878604187441, 52.4843203796816, 52.4561709656191, 52.4483096374941, 52.4441104187441, 52.4365420593691, 52.4254824890566, 52.4121279968691, 52.3945986999941, 52.3830020203066, 52.3643252624941), c(33.420654296875, 33.4078125, 33.39697265625, 33.3892578125, 33.386474609375, 33.38388671875, 
33.37099609375, 33.36611328125, 33.36416015625, 33.36142578125, 33.35927734375, 33.34912109375, 33.322998046875, 33.317578125, 33.324462890625, 33.3177734375, 33.31103515625, 33.296484375, 33.31240234375, 33.3048828125, 33.284912109375, 33.262451171875, 33.28505859375, 33.351806640625, 33.3744140625, 33.37685546875, 33.36611328125, 33.31005859375, 33.28662109375, 33.271875, 33.23642578125, 33.224853515625, 33.180078125, 33.160546875, 33.1673828125, 33.1673828125, 33.142333984375, 33.130859375, 33.121337890625, 
33.101953125, 33.088623046875, 33.072021484375, 33.0619140625, 33.0677734375, 33.07333984375, 33.0849609375, 33.09140625, 33.09853515625, 33.153076171875, 33.15244140625, 33.13330078125, 33.06416015625, 33.04013671875, 33.03115234375, 33.016015625, 33.0091796875, 32.998046875, 32.9865234375, 32.974609375, 32.912109375, 32.88466796875, 32.87265625, 32.865478515625, 32.848046875, 32.8255859375, 32.8037109375, 32.796875, 32.789453125, 32.753662109375, 32.7416015625, 32.73681640625, 32.730078125, 32.7017578125, 
32.69541015625, 32.68466796875, 32.68203125, 32.6791015625, 32.67333984375, 32.66162109375, 32.655517578125, 32.6529296875, 32.65126953125, 32.64755859375, 32.6392578125, 32.62734375, 32.60302734375, 32.59140625, 32.5947265625, 32.585205078125, 32.557373046875, 32.564453125, 32.5599609375, 32.548828125, 32.536865234375, 32.51845703125, 32.49892578125, 32.4873046875, 32.483154296875, 32.480078125, 32.4716796875, 32.433984375, 32.355078125, 32.32080078125, 32.31337890625, 32.30087890625, 32.289794921875, 
32.27919921875, 32.267333984375, 32.13525390625, 32.11533203125, 32.0921875, 32.0572265625, 32.037109375, 32.0390625, 32.0419921875, 32.0439453125, 32.027587890625, 31.98505859375, 31.967041015625, 31.93203125, 31.91640625, 31.90078125, 31.888671875, 31.8775390625, 31.865234375, 31.8197265625, 31.793359375, 31.78759765625, 31.779296875, 31.776123046875, 31.7705078125, 31.765625, 31.75673828125, 31.7408203125, 31.7314453125, 31.72236328125, 31.72060546875, 31.720703125, 31.7115234375, 31.69248046875, 
31.6802734375, 31.662109375, 31.626220703125, 31.6107421875, 31.54931640625, 31.49794921875, 31.458984375, 31.42001953125, 31.3794921875, 31.36923828125, 31.364990234375, 31.3609375, 31.35244140625, 31.344140625, 31.341064453125, 31.32119140625, 31.312890625, 31.306396484375, 31.2822265625, 31.28330078125, 31.28818359375, 31.289306640625, 31.27978515625, 31.272705078125, 31.26708984375, 31.26181640625, 31.25185546875, 31.24306640625, 31.2369140625, 31.23251953125, 31.22744140625, 31.2216796875, 31.21728515625, 
31.2021484375, 31.1587890625, 31.159912109375, 31.1546875, 31.14462890625, 31.131591796875, 31.131591796875, 31.1396484375, 31.12294921875, 31.09765625, 31.08046875, 31.05078125, 31.04189453125, 31.049560546875, 31.0302734375, 30.978271484375, 30.96337890625, 30.94814453125, 30.9095703125, 30.8919921875, 30.896875, 30.902099609375, 30.9091796875, 30.919921875, 30.912353515625, 30.9048828125, 30.89990234375, 30.8994140625, 30.884033203125, 30.87353515625, 30.872802734375, 30.8857421875, 30.869140625, 
30.85498046875, 30.8544921875, 30.87890625, 30.87890625, 30.869140625, 30.84423828125, 30.855712890625, 30.866943359375, 30.87548828125, 30.87890625, 30.8716796875, 30.83046875, 30.835205078125, 30.84423828125, 30.8310546875, 30.81904296875, 30.80947265625, 30.80263671875, 30.81494140625, 30.812255859375, 30.78955078125, 30.7685546875, 30.75830078125, 30.74462890625, 30.730712890625, 30.70546875, 30.68994140625, 30.69443359375, 30.706298828125, 30.6978515625, 30.69052734375, 30.68447265625, 30.6796875, 
30.690185546875, 30.71396484375, 30.72412109375, 30.72509765625, 30.7171875, 30.70693359375, 30.7001953125, 30.7001953125, 30.70576171875, 30.7064453125, 30.702392578125, 30.693359375, 30.693359375, 30.698974609375, 30.701416015625, 30.70322265625, 30.706298828125, 30.690185546875, 30.672265625, 30.6349609375, 30.63125, 30.62509765625, 30.6171875, 30.60732421875, 30.596435546875, 30.58828125, 30.58173828125, 30.57666015625, 30.572509765625, 30.560791015625, 30.555419921875, 30.56982421875, 30.56982421875, 
30.5548828125, 30.55361328125, 30.56484375, 52.3643252624941, 52.3544375671816, 52.3395449890566, 52.3226260437441, 52.3065860046816, 52.3002383484316, 52.2886416687441, 52.2818057312441, 52.2741153015566, 52.2555606140566, 52.2482363953066, 52.2382266296816, 52.2215518249941, 52.2097354187441, 52.1520449890566, 52.1487490906191, 52.1442324890566, 52.1309268249941, 52.1113467468691, 52.0852725281191, 52.0582217468691, 52.0353457703066, 52.0205752624941, 51.9944033874941, 51.9688662781191, 51.9583682312441, 
51.9466006531191, 51.9348330749941, 51.9329287781191, 51.9286563171816, 51.9099307312441, 51.9055850281191, 51.9077334656191, 51.9041201843691, 51.8919619812441, 51.8845401062441, 51.8804873718691, 51.8661563171816, 51.8507022156191, 51.8435733093691, 51.8355654968691, 51.8163516296816, 51.7927920593691, 51.7718447937441, 51.7644717468691, 51.7411563171816, 51.7334658874941, 51.7271182312441, 51.6929385437441, 51.6818301453066, 51.6653994812441, 51.6351992859316, 51.6312930359316, 51.6286074890566, 
51.6154971374941, 51.6107852234316, 51.6070010437441, 51.6045596374941, 51.6035342468691, 51.6098819031191, 51.6092471374941, 51.6002871765566, 51.5792178406191, 51.5678897156191, 51.5668399109316, 51.5766787781191, 51.5692080749941, 51.5766787781191, 51.5626162781191, 51.5555361999941, 51.5700137390566, 51.5736758484316, 51.5658633484316, 51.5630069031191, 51.5552432312441, 51.5575625671816, 51.5616397156191, 51.5630069031191, 51.5681826843691, 51.5679873718691, 51.5592715515566, 51.5561709656191, 
51.5532901062441, 51.5493838562441, 51.5468936218691, 51.5459658874941, 51.5425479187441, 51.5293643249941, 51.5209414734316, 51.5083682312441, 51.4896182312441, 51.4732119812441, 51.4605654968691, 51.4531436218691, 51.4476260437441, 51.4456729187441, 51.4490908874941, 51.4565615906191, 51.4639834656191, 51.4674014343691, 51.4630801453066, 51.4438662781191, 51.4395205749941, 51.4416690124941, 51.4510440124941, 51.4531436218691, 51.4509951843691, 51.4415957703066, 51.4135195984316, 51.4121768249941, 
51.4075381531191, 51.3853213562441, 51.3774600281191, 51.3729922546816, 51.3618838562441, 51.3575381531191, 51.3579287781191, 51.3643740906191, 51.3621279968691, 51.3523623718691, 51.3501162781191, 51.3541934265566, 51.3637881531191, 51.3751162781191, 51.3842227234316, 51.4031436218691, 51.4174990906191, 51.4186465515566, 51.4190127624941, 51.4221865906191, 51.4362979187441, 51.4395205749941, 51.4404483093691, 51.4446963562441, 51.4456729187441, 51.4490908874941, 51.4565615906191, 51.4639834656191, 
51.4727725281191, 51.4988955749941, 51.5083682312441, 51.5122256531191, 51.5111026062441, 51.5145938171816, 51.5220401062441, 51.5100772156191, 51.5061709656191, 51.4963565124941, 51.4934756531191, 51.4944033874941, 51.4975039734316, 51.5019717468691, 51.4978213562441, 51.4909121765566, 51.4873233093691, 51.4819522156191, 51.4701602234316, 51.4585147156191, 51.4496524109316, 51.4413516296816, 51.4320742859316, 51.4252383484316, 51.4170596374941, 51.4163272156191, 51.4184756531191, 51.4190127624941, 
51.4182315124941, 51.4193057312441, 51.4175479187441, 51.4005801453066, 51.3902529968691, 51.3812930359316, 51.3774600281191, 51.3743838562441, 51.3501162781191, 51.3403994812441, 51.3336123718691, 51.3299502624941, 51.3296572937441, 51.3228213562441, 51.3084170593691, 51.2993838562441, 51.2927920593691, 51.2855899109316, 51.2648379578066, 51.2513369812441, 51.2334170593691, 51.2280459656191, 51.1987979187441, 51.1958682312441, 51.1952578796816, 51.1604190124941, 51.1514834656191, 51.1435733093691, 
51.1391055359316, 51.1373233093691, 51.1378115906191, 51.1273867859316, 51.1196963562441, 51.1108584656191, 51.0968692078066, 51.1021182312441, 51.0992373718691, 51.0914981140566, 51.0825869812441, 51.0694033874941, 51.0537783874941, 51.0390078796816, 51.0279483093691, 51.0211123718691, 51.0210635437441, 51.0149600281191, 51.0051455749941, 50.9903018249941, 50.9747988953066, 50.9630801453066, 50.9600283874941, 50.9317569031191, 50.9269473328066, 50.9119326843691, 50.9133975281191, 50.9122256531191, 
50.9074160828066, 50.8982608093691, 50.8840518249941, 50.8737246765566, 50.8566348328066, 50.8331240906191, 50.8250186218691, 50.8218936218691, 50.8167178406191, 50.7936465515566, 50.7883975281191, 50.7824160828066, 50.7473819031191, 50.7439639343691, 50.7395694031191, 50.7339053406191, 50.7269229187441, 50.7206485046816, 50.7156436218691, 50.7099063171816, 50.7003115906191, 50.6882998718691, 50.6757266296816, 50.6648623718691, 50.6580264343691, 50.6510684265566, 50.6432559265566, 50.6358584656191, 
50.6301455749941, 50.6238955749941, 50.6212832703066, 50.6182315124941, 50.6146182312441, 50.6102236999941, 50.6047549499941, 50.6028506531191, 50.6034610046816, 50.6011416687441, 50.5962588562441, 50.5913760437441, 50.5891787781191, 50.5893008484316, 50.5883242859316, 50.5844180359316, 50.5755069031191, 50.5644717468691, 50.5451846374941, 50.5255801453066, 50.5140322937441, 50.5071963562441, 50.4979190124941, 50.4834658874941, 50.4382998718691))
"554River",7,"River","Prut",NA,554,NA,6,"Prut",7,1159122545,"Prut","Q182445","بروت","প্রুত","Pruth","Prut","Prout","Προύθος","प्रुट","Prut","Prut","Prut","プルト川","프루트강","Proet","Prut","Prut","Прут","Prut","Prut","Prut","普鲁特河","پروت","פרוט","Прут","پروت","普魯特河",c(24.583984375, 24.583984375, 24.5810546875, 24.576806640625, 24.5716796875, 24.568603515625, 24.570703125, 24.5775390625, 24.597900390625, 24.606103515625, 24.61669921875, 24.599755859375, 24.57314453125, 24.55517578125, 24.553369140625, 24.570947265625, 24.6103515625, 24.61328125, 24.6171875, 24.622314453125, 24.640625, 24.705322265625, 24.827392578125, 24.87099609375, 24.89990234375, 24.9287109375, 24.95615234375, 24.9814453125, 25.01328125, 25.017578125, 25.0205078125, 25.02294921875, 25.02587890625, 
25.02685546875, 25.02744140625, 25.029541015625, 25.04921875, 25.07470703125, 25.1220703125, 25.19296875, 25.2271484375, 25.25751953125, 25.28798828125, 25.30703125, 25.3427734375, 25.46474609375, 25.498779296875, 25.516845703125, 25.5234375, 25.536376953125, 25.55087890625, 25.56533203125, 25.59072265625, 25.64462890625, 25.673583984375, 25.71591796875, 25.7515625, 25.76416015625, 25.7783203125, 25.7900390625, 25.812744140625, 25.824462890625, 25.85791015625, 25.870361328125, 25.87890625, 25.896484375, 
25.9083984375, 25.94443359375, 25.9791015625, 26.074462890625, 26.09736328125, 26.14462890625, 26.167724609375, 26.211181640625, 26.233154296875, 26.275390625, 26.3111328125, 26.329833984375, 26.3466796875, 26.37998046875, 26.39697265625, 26.44423828125, 26.460693359375, 26.5869140625, 26.665283203125, 26.6880859375, 26.71103515625, 26.721923828125, 26.73251953125, 26.74365234375, 26.76318359375, 26.804443359375, 26.8212890625, 26.84423828125, 26.85498046875, 26.897216796875, 26.90341796875, 26.907470703125, 
26.91708984375, 26.928466796875, 26.93759765625, 26.95009765625, 26.95517578125, 26.962646484375, 26.9970703125, 26.9970703125, 26.985595703125, 26.966064453125, 26.966064453125, 26.993359375, 27.01220703125, 27.02451171875, 27.033203125, 27.042236328125, 27.0474609375, 27.046875, 27.03623046875, 27.0337890625, 27.04111328125, 27.05869140625, 27.082763671875, 27.10888671875, 27.10888671875, 27.08837890625, 27.089453125, 27.0908203125, 27.0927734375, 27.09521484375, 27.12099609375, 27.134033203125, 
27.1431640625, 27.15673828125, 27.168359375, 27.169189453125, 27.162353515625, 27.15048828125, 27.171484375, 27.177734375, 27.177734375, 27.16015625, 27.171142578125, 27.19375, 27.2119140625, 27.21103515625, 27.21279296875, 27.2119140625, 27.222265625, 27.234375, 27.245361328125, 27.2529296875, 27.21875, 27.23056640625, 27.244384765625, 27.255615234375, 27.2603515625, 27.26416015625, 27.2818359375, 27.28701171875, 27.29052734375, 27.2890625, 27.29443359375, 27.29443359375, 27.271484375, 27.2806640625, 
27.303466796875, 27.36865234375, 27.39658203125, 27.42783203125, 27.435302734375, 27.4384765625, 27.439697265625, 27.43955078125, 27.44150390625, 27.445556640625, 27.456298828125, 27.45888671875, 27.4662109375, 27.47265625, 27.483154296875, 27.491943359375, 27.49697265625, 27.5009765625, 27.50673828125, 27.532470703125, 27.53408203125, 27.54755859375, 27.56259765625, 27.575439453125, 27.58251953125, 27.57431640625, 27.56875, 27.56494140625, 27.56201171875, 27.579833984375, 27.57177734375, 27.5859375, 
27.59951171875, 27.6234375, 27.636474609375, 27.64423828125, 27.671142578125, 27.681884765625, 27.689453125, 27.69736328125, 27.722265625, 27.7328125, 27.753173828125, 27.751953125, 27.762451171875, 27.787841796875, 27.79990234375, 27.801513671875, 27.804296875, 27.8072265625, 27.805419921875, 27.79404296875, 27.805908203125, 27.849365234375, 27.849365234375, 27.84326171875, 27.84775390625, 27.857177734375, 27.866455078125, 27.8970703125, 27.925390625, 27.937890625, 27.9380859375, 27.962646484375, 
27.9859375, 28.0078125, 28.02744140625, 28.0365234375, 28.068603515625, 28.08212890625, 28.101806640625, 28.10498046875, 28.096435546875, 28.11318359375, 28.1138671875, 28.1126953125, 28.1236328125, 28.1236328125, 28.12109375, 28.1373046875, 28.177734375, 28.17744140625, 28.23349609375, 28.24365234375, 28.246826171875, 28.24658203125, 28.239990234375, 28.22998046875, 28.224853515625, 28.23349609375, 28.22421875, 28.22060546875, 28.218505859375, 28.22060546875, 28.23349609375, 28.237548828125, 28.241943359375, 
28.245361328125, 28.24658203125, 28.2466796875, 28.2455078125, 28.2396484375, 28.22548828125, 28.232666015625, 28.228125, 28.219140625, 28.21240234375, 28.206640625, 28.201904296875, 28.18984375, 28.18740234375, 28.19140625, 28.1923828125, 28.1908203125, 28.17724609375, 28.165283203125, 28.15576171875, 28.14423828125, 28.13466796875, 28.13046875, 28.13388671875, 28.131591796875, 28.12021484375, 28.10849609375, 28.110595703125, 28.12880859375, 28.13515625, 28.141015625, 28.14423828125, 28.13271484375, 
28.12685546875, 28.100341796875, 28.09228515625, 28.089599609375, 28.08984375, 28.0958984375, 28.096435546875, 28.08388671875, 28.08212890625, 28.085693359375, 28.1099609375, 28.1119140625, 28.1142578125, 28.12021484375, 28.12451171875, 28.122314453125, 28.11826171875, 28.116796875, 28.11962890625, 28.128662109375, 28.13046875, 28.127685546875, 28.11435546875, 28.1099609375, 28.11279296875, 28.1283203125, 28.1458984375, 28.154541015625, 28.16318359375, 28.16123046875, 28.16748046875, 28.15322265625, 
28.12021484375, 28.107177734375, 28.09072265625, 28.07421875, 28.06162109375, 28.117431640625, 28.140380859375, 28.1572265625, 28.16103515625, 28.1634765625, 28.1635852887915, 48.2918154968691, 48.3364932312441, 48.3507754578066, 48.3569522156191, 48.3611026062441, 48.3659854187441, 48.3745303406191, 48.3810488953066, 48.3892276062441, 48.3943545593691, 48.4152285828066, 48.4208438171816, 48.4207217468691, 48.4241397156191, 48.4444033874941, 48.4675967468691, 48.5054873718691, 48.5125186218691, 48.5263858093691, 
48.5328311218691, 48.5424258484316, 48.5507266296816, 48.5803408874941, 48.5833194031191, 48.5821475281191, 48.5777041687441, 48.5689639343691, 48.5549502624941, 48.5282656921816, 48.5253360046816, 48.5247256531191, 48.5237490906191, 48.5195986999941, 48.5155703796816, 48.5067080749941, 48.5029483093691, 48.4940127624941, 48.4936709656191, 48.4992861999941, 48.4823672546816, 48.4677920593691, 48.4623477234316, 48.4608828796816, 48.4651553406191, 48.4535586609316, 48.4651553406191, 48.4583194031191, 
48.4526553406191, 48.4517276062441, 48.4514834656191, 48.4491641296816, 48.4432315124941, 48.4263369812441, 48.3771426453066, 48.3643252624941, 48.3663272156191, 48.3784365906191, 48.3808047546816, 48.3801455749941, 48.3764102234316, 48.3645694031191, 48.3604678406191, 48.3570498718691, 48.3540713562441, 48.3493838562441, 48.3360049499941, 48.3301455749941, 48.3218447937441, 48.3076358093691, 48.2503604187441, 48.2453799499941, 48.2487246765566, 48.2449404968691, 48.2269229187441, 48.2213809265566, 
48.2202334656191, 48.2100283874941, 48.2087588562441, 48.2123477234316, 48.2234072937441, 48.2264346374941, 48.2279727234316, 48.2306582703066, 48.2495791687441, 48.2744815124941, 48.2750186218691, 48.2615420593691, 48.2600283874941, 48.2710147156191, 48.2558779968691, 48.2529971374941, 48.2586123718691, 48.2528018249941, 48.2335147156191, 48.2381045593691, 48.2091738953066, 48.2016787781191, 48.1847598328066, 48.1882510437441, 48.1992861999941, 48.2050967468691, 48.1977725281191, 48.1862246765566, 
48.1756045593691, 48.1668154968691, 48.1582217468691, 48.1507022156191, 48.1498477234316, 48.1436221374941, 48.1326846374941, 48.1283633484316, 48.1353213562441, 48.1326358093691, 48.1275576843691, 48.1225039734316, 48.1167666687441, 48.1076113953066, 48.1019961609316, 48.0775088562441, 48.0582949890566, 48.0439639343691, 48.0337588562441, 48.0263125671816, 48.0200869812441, 48.0159365906191, 48.0120791687441, 48.0087344421816, 48.0058779968691, 48.0134463562441, 48.0006778015566, 47.9871279968691, 
47.9922061218691, 47.9832705749941, 47.9739932312441, 47.9652774109316, 47.9580752624941, 47.9467227234316, 47.9444033874941, 47.9381778015566, 47.9219912781191, 47.9128604187441, 47.9043154968691, 47.8897647156191, 47.8852725281191, 47.8543643249941, 47.8482119812441, 47.8428897156191, 47.8404483093691, 47.8368594421816, 47.8283145203066, 47.8140322937441, 47.8073184265566, 47.7928408874941, 47.7777774109316, 47.7693545593691, 47.7647647156191, 47.7559268249941, 47.7525576843691, 47.7426944031191, 
47.7320010437441, 47.7246768249941, 47.7184512390566, 47.7152041687441, 47.6932315124941, 47.6668154968691, 47.6085147156191, 47.5893740906191, 47.5812442078066, 47.5601748718691, 47.5539736999941, 47.5503604187441, 47.5412051453066, 47.5368838562441, 47.5351016296816, 47.5341250671816, 47.5335147156191, 47.5066104187441, 47.4920108093691, 47.4857119812441, 47.4848086609316, 47.4826846374941, 47.4801699890566, 47.4782168640566, 47.4776553406191, 47.4782168640566, 47.4745547546816, 47.4686221374941, 
47.4606387390566, 47.4509463562441, 47.4465518249941, 47.4387881531191, 47.4285342468691, 47.4168154968691, 47.4062686218691, 47.3754336609316, 47.3689639343691, 47.3609561218691, 47.3217227234316, 47.3069522156191, 47.3042666687441, 47.3001162781191, 47.2954776062441, 47.2910830749941, 47.2877871765566, 47.2835635437441, 47.2758975281191, 47.2516543640566, 47.2392031921816, 47.2265811218691, 47.2045352234316, 47.1771914734316, 47.1765811218691, 47.1687686218691, 47.1626651062441, 47.1584658874941, 
47.1561221374941, 47.1448428406191, 47.1287783874941, 47.1220156921816, 47.1146182312441, 47.1116397156191, 47.1095645203066, 47.1049258484316, 47.0816104187441, 47.0689639343691, 47.0613467468691, 47.0468203796816, 47.0436465515566, 47.0334658874941, 47.0265567078066, 47.0332217468691, 47.0167178406191, 46.9887881531191, 46.9717471374941, 46.9353701843691, 46.9179141296816, 46.9028994812441, 46.8950381531191, 46.8836123718691, 46.8716494812441, 46.8618838562441, 46.8544375671816, 46.8345401062441, 
46.8064639343691, 46.7588565124941, 46.7400576843691, 46.6626651062441, 46.6356143249941, 46.6211123718691, 46.6074404968691, 46.5966250671816, 46.5841006531191, 46.5697695984316, 46.5534121765566, 46.5489444031191, 46.5414492859316, 46.5039736999941, 46.4960391296816, 46.4783389343691, 46.4758486999941, 46.4767520203066, 46.4758486999941, 46.4674746765566, 46.4364688171816, 46.4280947937441, 46.4205996765566, 46.4155947937441, 46.4020449890566, 46.3963076843691, 46.3936221374941, 46.3889834656191, 
46.3584170593691, 46.3541934265566, 46.3513858093691, 46.3440615906191, 46.3237979187441, 46.3114688171816, 46.3080508484316, 46.2872988953066, 46.2791201843691, 46.2756533874941, 46.2732119812441, 46.2695986999941, 46.2626406921816, 46.2455508484316, 46.2401065124941, 46.2381045593691, 46.2343936218691, 46.2258975281191, 46.2049014343691, 46.1990908874941, 46.1922549499941, 46.1834658874941, 46.1602236999941, 46.1355654968691, 46.0822207703066, 46.0785586609316, 46.0736026062441, 46.0683047546816, 
46.0653018249941, 46.0600039734316, 46.0248477234316, 46.0149600281191, 46.0007998718691, 45.9507510437441, 45.9394717468691, 45.9334658874941, 45.9265322937441, 45.9186465515566, 45.9110781921816, 45.9033877624941, 45.8955264343691, 45.8881289734316, 45.8753604187441, 45.8716494812441, 45.8666445984316, 45.8599795593691, 45.8545108093691, 45.8255557312441, 45.7952334656191, 45.7714297546816, 45.7620303406191, 45.6617373718691, 45.6456973328066, 45.6326846374941, 45.6277529968691, 45.6279971374941, 
45.6246279968691, 45.6162295593691, 45.6050967468691, 45.5938662781191, 45.5729434265566, 45.5604922546816, 45.5392520203066, 45.5329776062441, 45.5308291687441, 45.5306570259976)
"557River",7,"River","Kuban",NA,557,"Version 1.2 edit in N. America and Europe",6,"Kuban",7,1159122595,"Kuban","Q82308","نهر الكوبان","কুবান","Kuban","Kubán","Kouban","Κουμπάν","कुबान","Kubán","Kuban","Kuban'","クバン川","쿠반강","Koeban","Kubań","Kuban","Кубань","Kuban","Kuban","Kuban","庫班河","کوبان","קובאן","Кубань","دریائے کوبان","庫班河",list(c(40.1595430910001, 40.13974609375, 40.069580078125, 40.0396484375, 40.02841796875, 40.0171875, 40.002685546875, 39.98193359375, 39.96103515625, 39.9466796875, 39.9341796875, 39.920166015625, 39.91123046875, 39.909912109375, 39.9086757096178, 45.3434125056633, 45.3362490906191, 45.3341006531191, 45.3263613953066, 45.3172061218691, 45.3059268249941, 45.2962588562441, 45.2921817078066, 45.2903994812441, 45.2849795593691, 45.2754580749941, 45.2614932312441, 45.2368350281191, 45.2341494812441, 45.233183156097
), c(39.8877817769879, 39.875244140625, 39.8718315869193, 45.2347914246454, 45.2375674499941, 45.2360165332718))
"231Lake Centerline",6,"Lake Centerline","Dniester",NA,231,NA,5,"Dniester",6,1159114439,"Dniester","Q131210","دنيستر","দনিএস্তের","Dnister","Dniéster","Dniestr","Δνείστερος","डेनिस्टर","Dnyeszter","Dniester","Dnestr","ドニエストル川","드네스트르강","Dnjestr","Dniestr","Dniestre","Днестр","Dnestr","Dinyester","Dnister","德涅斯特河","نیستر","דניסטר","Дністер","نائیسٹر","德涅斯特河",c(30.268798828125, 30.25390625, 30.249267578125, 30.25546875, 30.2802734375, 30.30810546875, 30.340576171875, 30.36376953125, 30.3916015625, 30.405517578125, 30.42724609375, 30.44736328125, 30.461328125, 30.478271484375, 46.3200137390566, 46.3069522156191, 46.2930361999941, 46.2776065124941, 46.2605654968691, 46.2543399109316, 46.2420108093691, 46.2234072937441, 46.1955752624941, 46.1723819031191, 46.1491153015566, 46.1274600281191, 46.1181826843691, 46.1011416687441)
"231River",6,"River","Dniester",NA,231,NA,5,"Dniester",6,1159114451,"Dniester","Q131210","دنيستر","দনিএস্তের","Dnister","Dniéster","Dniestr","Δνείστερος","डेनिस्टर","Dnyeszter","Dniester","Dnestr","ドニエストル川","드네스트르강","Dnjestr","Dniestr","Dniestre","Днестр","Dnestr","Dinyester","Dnister","德涅斯特河","نیستر","דניסטר","Дністер","نائیسٹر","德涅斯特河",list(c(30.4984375, 30.478271484375, 46.0841738953066, 46.1011416687441), c(22.90419921875, 22.874755859375, 22.84716796875, 22.84658203125, 22.85048828125, 22.85927734375, 22.880859375, 22.903955078125, 22.936181640625, 22.964599609375, 22.976953125, 22.98232421875, 23.005859375, 23.01171875, 23.0087890625, 22.998779296875, 22.986328125, 22.976953125, 22.991357421875, 23.0048828125, 23.0107421875, 23.01552734375, 23.022705078125, 23.03564453125, 23.0580078125, 23.082275390625, 23.12099609375, 23.17421875, 
23.209130859375, 23.280419921875, 23.318359375, 23.361328125, 23.379541015625, 23.415771484375, 23.451904296875, 23.490380859375, 23.530908203125, 23.646630859375, 23.703857421875, 23.725, 23.76455078125, 23.8291015625, 23.84033203125, 23.8505859375, 23.873779296875, 23.958251953125, 23.97216796875, 23.9775390625, 23.9857421875, 24.03896484375, 24.039306640625, 24.040771484375, 24.043359375, 24.04638671875, 24.051025390625, 24.06201171875, 24.06689453125, 24.093505859375, 24.1044921875, 24.114404296875, 
24.133935546875, 24.145751953125, 24.1576171875, 24.167138671875, 24.199609375, 24.241357421875, 24.249658203125, 24.255615234375, 24.259912109375, 24.256982421875, 24.25244140625, 24.25244140625, 24.27333984375, 24.275390625, 24.28212890625, 24.290771484375, 24.2958984375, 24.3076171875, 24.32216796875, 24.38671875, 24.405517578125, 24.43310546875, 24.462548828125, 24.477783203125, 24.4876953125, 24.498193359375, 24.5087890625, 24.518798828125, 24.53408203125, 24.542626953125, 24.5521484375, 24.5703125, 
24.58876953125, 24.5970703125, 24.600732421875, 24.603271484375, 24.609765625, 24.61767578125, 24.625244140625, 24.6400390625, 24.7162109375, 24.728173828125, 24.738525390625, 24.74599609375, 24.75380859375, 24.758056640625, 24.755517578125, 24.771728515625, 24.7884765625, 24.801513671875, 24.80673828125, 24.8208984375, 24.853125, 24.88779296875, 24.9091796875, 24.94189453125, 24.95009765625, 24.95615234375, 24.9580078125, 24.95908203125, 24.96376953125, 24.9779296875, 24.99228515625, 25.009765625, 
25.05126953125, 25.066796875, 25.119384765625, 25.128662109375, 25.12939453125, 25.1220703125, 25.12265625, 25.1283203125, 25.15234375, 25.165283203125, 25.1734375, 25.17783203125, 25.1796875, 25.182861328125, 25.1888671875, 25.19716796875, 25.21923828125, 25.2310546875, 25.24560546875, 25.24560546875, 25.2353515625, 25.22646484375, 25.221923828125, 25.22509765625, 25.24990234375, 25.2734375, 25.3275390625, 25.30625, 25.24990234375, 25.23876953125, 25.25068359375, 25.276953125, 25.3275390625, 25.343017578125, 
25.350830078125, 25.35390625, 25.35546875, 25.353515625, 25.35107421875, 25.35595703125, 25.3759765625, 25.388427734375, 25.40078125, 25.414306640625, 25.43056640625, 25.4326171875, 25.4310546875, 25.431396484375, 25.440185546875, 25.4466796875, 25.462158203125, 25.4708984375, 25.4625, 25.45712890625, 25.4498046875, 25.4609375, 25.48203125, 25.50537109375, 25.522705078125, 25.548095703125, 25.56533203125, 25.5951171875, 25.622802734375, 25.629150390625, 25.639892578125, 25.638671875, 25.6328125, 
25.629150390625, 25.628173828125, 25.62744140625, 25.630126953125, 25.6396484375, 25.64609375, 25.64267578125, 25.636962890625, 25.635986328125, 25.64853515625, 25.67099609375, 25.71484375, 25.72275390625, 25.73095703125, 25.74208984375, 25.753173828125, 25.7572265625, 25.759765625, 25.766357421875, 25.793359375, 25.80869140625, 25.82080078125, 25.83837890625, 25.859375, 25.86318359375, 25.86240234375, 25.86279296875, 25.911376953125, 25.92763671875, 25.94384765625, 25.9599609375, 25.97353515625, 
25.9853515625, 26.01015625, 26.01962890625, 26.02451171875, 26.0287109375, 26.033203125, 26.048828125, 26.058349609375, 26.062109375, 26.060546875, 26.060546875, 26.0513671875, 26.05234375, 26.06396484375, 26.07958984375, 26.098876953125, 26.116943359375, 26.1294921875, 26.113671875, 26.10556640625, 26.10205078125, 26.10205078125, 26.104736328125, 26.13291015625, 26.14560546875, 26.14443359375, 26.14931640625, 26.1806640625, 26.23876953125, 26.2564453125, 26.268798828125, 26.2939453125, 26.326416015625, 
26.354736328125, 26.38037109375, 26.40380859375, 26.422119140625, 26.4703125, 26.4888671875, 26.5150390625, 26.52197265625, 26.5396484375, 26.55263671875, 26.566162109375, 26.58291015625, 26.60546875, 26.6216796875, 26.6068359375, 26.615478515625, 26.62705078125, 26.634375, 26.63916015625, 26.643310546875, 26.65380859375, 26.6875, 26.708740234375, 26.70498046875, 26.688232421875, 26.670654296875, 26.633056640625, 26.6142578125, 26.6123046875, 26.63251953125, 26.65478515625, 26.691162109375, 26.7060546875, 
26.72158203125, 26.73388671875, 26.739013671875, 26.734765625, 26.71591796875, 26.711669921875, 26.717041015625, 26.728759765625, 26.74033203125, 26.745703125, 26.74951171875, 26.75927734375, 26.77255859375, 26.787353515625, 26.7890625, 26.7828125, 26.787353515625, 26.79736328125, 26.807861328125, 26.818603515625, 26.82900390625, 26.822509765625, 26.827734375, 26.8412109375, 26.858984375, 26.884765625, 26.898828125, 26.909423828125, 26.924560546875, 26.945068359375, 26.966796875, 27.0033203125, 27.0169921875, 
27.023193359375, 27.02744140625, 27.031640625, 27.03759765625, 27.04970703125, 27.06982421875, 27.11318359375, 27.12255859375, 27.129150390625, 27.14111328125, 27.1466796875, 27.18115234375, 27.19189453125, 27.21396484375, 27.226171875, 27.2373046875, 27.247314453125, 27.25537109375, 27.2603515625, 27.26162109375, 27.2552734375, 27.24521484375, 27.23583984375, 27.23427734375, 27.254638671875, 27.29443359375, 27.304296875, 27.31240234375, 27.3216796875, 27.33486328125, 27.344921875, 27.35849609375, 
27.37021484375, 27.4095703125, 27.43798828125, 27.458251953125, 27.47265625, 27.494140625, 27.50341796875, 27.54453125, 27.556640625, 27.58251953125, 27.604248046875, 27.6064453125, 27.6265625, 27.7513671875, 27.784765625, 27.849365234375, 27.86435546875, 27.896240234375, 27.90390625, 27.92587890625, 27.96640625, 28.055419921875, 28.07587890625, 28.09228515625, 28.097900390625, 28.078125, 28.09267578125, 28.11513671875, 28.13046875, 28.16162109375, 28.177978515625, 28.18515625, 28.1888671875, 28.19931640625, 
28.216552734375, 28.23974609375, 28.26123046875, 28.277099609375, 28.2939453125, 28.33994140625, 28.357177734375, 28.36767578125, 28.36953125, 28.362890625, 28.35166015625, 28.33740234375, 28.3216796875, 28.3150390625, 28.31689453125, 28.328125, 28.3490234375, 28.364501953125, 28.37509765625, 28.38818359375, 28.4111328125, 28.4267578125, 28.43642578125, 28.43515625, 28.4185546875, 28.446875, 28.45888671875, 28.4791015625, 28.489501953125, 28.4931640625, 28.49365234375, 28.50048828125, 28.5171875, 
28.5375, 28.555078125, 28.5830078125, 28.60849609375, 28.62021484375, 28.62939453125, 28.6322265625, 28.630859375, 28.62705078125, 28.617919921875, 28.606640625, 28.5966796875, 28.58935546875, 28.5625, 28.543212890625, 28.532470703125, 28.52783203125, 28.5375, 28.559326171875, 28.61005859375, 28.61875, 28.630859375, 28.6357421875, 28.64267578125, 28.65146484375, 28.681396484375, 28.6978515625, 28.718994140625, 28.753662109375, 28.78466796875, 28.812890625, 28.83017578125, 28.828857421875, 28.86083984375, 
28.980224609375, 29.01806640625, 29.01748046875, 28.980224609375, 28.97548828125, 28.980224609375, 28.987890625, 28.990234375, 28.995361328125, 28.9935546875, 28.989013671875, 28.98642578125, 28.992919921875, 29.015625, 29.0205078125, 29.021240234375, 29.024658203125, 29.032958984375, 29.048583984375, 29.0927734375, 29.103759765625, 29.11044921875, 29.10703125, 29.0900390625, 29.082421875, 29.105078125, 29.138916015625, 29.1646484375, 29.15390625, 29.1390625, 29.12255859375, 29.08798828125, 29.07861328125, 
29.07998046875, 29.09326171875, 29.16318359375, 29.178955078125, 29.1630859375, 29.14443359375, 29.1119140625, 29.094140625, 29.0783203125, 29.06904296875, 29.084375, 29.09853515625, 29.124267578125, 29.12998046875, 29.1478515625, 29.156005859375, 29.166748046875, 29.1791015625, 29.18916015625, 29.19375, 29.18759765625, 29.1796875, 29.178955078125, 29.18759765625, 29.2001953125, 29.212646484375, 29.220458984375, 29.22666015625, 29.23642578125, 29.24951171875, 29.263916015625, 29.2779296875, 29.29072265625, 
29.292236328125, 29.29091796875, 29.294921875, 29.3046875, 29.3291015625, 29.37119140625, 29.37744140625, 29.38193359375, 29.380615234375, 29.37001953125, 29.36376953125, 29.36904296875, 29.3732421875, 29.37744140625, 29.3724609375, 29.3701171875, 29.366455078125, 29.3408203125, 29.324609375, 29.308837890625, 29.294921875, 29.302978515625, 29.31591796875, 29.33203125, 29.349609375, 29.3755859375, 29.3966796875, 29.415625, 29.435546875, 29.45947265625, 29.47060546875, 29.4736328125, 29.4736328125, 
29.476171875, 29.48828125, 29.49365234375, 29.4951171875, 29.493896484375, 29.49453125, 29.50107421875, 29.49765625, 29.51162109375, 29.53037109375, 29.5419921875, 29.548828125, 29.562255859375, 29.576416015625, 29.58974609375, 29.600341796875, 29.6029296875, 29.605078125, 29.6083984375, 29.61435546875, 29.6177734375, 29.618359375, 29.6162109375, 29.6109375, 29.61435546875, 29.61630859375, 29.619873046875, 29.627685546875, 29.6466796875, 29.65185546875, 29.664306640625, 29.679296875, 29.68935546875, 
29.69765625, 29.68916015625, 29.66611328125, 29.685302734375, 29.6953125, 29.699609375, 29.70302734375, 29.71103515625, 29.720458984375, 29.72763671875, 29.7486328125, 29.75830078125, 29.775390625, 29.76171875, 29.7474609375, 29.73505859375, 29.72763671875, 29.742431640625, 29.775390625, 29.786376953125, 29.82314453125, 29.830078125, 29.83984375, 29.852294921875, 29.8671875, 29.87021484375, 29.89013671875, 29.898193359375, 29.9013671875, 29.91552734375, 29.959716796875, 29.9615234375, 29.966552734375, 
29.969921875, 29.97646484375, 29.988671875, 29.99453125, 30.00244140625, 30.00888671875, 30.02109375, 30.013427734375, 30.05947265625, 30.076416015625, 30.08642578125, 30.1015625, 30.11767578125, 30.13095703125, 30.138671875, 30.1455078125, 30.15234375, 30.158935546875, 30.167578125, 30.17822265625, 30.19033203125, 30.2033203125, 30.2193359375, 30.236083984375, 30.249267578125, 30.2544921875, 30.25732421875, 30.2640625, 30.273046875, 30.282470703125, 30.28828125, 30.2890625, 30.28310546875, 30.268798828125, 
49.2195498718691, 49.2336611999941, 49.2529483093691, 49.2670352234316, 49.2788760437441, 49.2882754578066, 49.3018252624941, 49.3081240906191, 49.3131778015566, 49.3218447937441, 49.3390567078066, 49.3419863953066, 49.3507022156191, 49.3558291687441, 49.3689639343691, 49.3785342468691, 49.3870303406191, 49.3967959656191, 49.4059512390566, 49.4173037781191, 49.4271914734316, 49.4386660828066, 49.4481143249941, 49.4520205749941, 49.4545352234316, 49.4606387390566, 49.4725283874941, 49.4966983093691, 
49.5024600281191, 49.5255801453066, 49.5332705749941, 49.5372256531191, 49.5443789734316, 49.5681338562441, 49.5825869812441, 49.5851504578066, 49.5791690124941, 49.5390078796816, 49.5313174499941, 49.5244815124941, 49.4998233093691, 49.4939639343691, 49.4966983093691, 49.5056826843691, 49.5085635437441, 49.5036074890566, 49.4954287781191, 49.4762637390566, 49.4682070984316, 49.4520205749941, 49.4502627624941, 49.4461123718691, 49.4414248718691, 49.4383486999941, 49.4375674499941, 49.4389834656191, 
49.4383486999941, 49.4262149109316, 49.4247500671816, 49.4268252624941, 49.4362246765566, 49.4383486999941, 49.4370303406191, 49.4336611999941, 49.4133975281191, 49.3651797546816, 49.3480899109316, 49.3390567078066, 49.3283145203066, 49.3194033874941, 49.3109805359316, 49.3018252624941, 49.2898623718691, 49.2875430359316, 49.2838076843691, 49.2647158874941, 49.2568545593691, 49.2493350281191, 49.2447451843691, 49.2317569031191, 49.2306582703066, 49.2410342468691, 49.2300479187441, 49.2329287781191, 
49.2268740906191, 49.2248721374941, 49.2268740906191, 49.2329287781191, 49.2223574890566, 49.2109561218691, 49.2019229187441, 49.1981875671816, 49.1964785828066, 49.1934268249941, 49.1882998718691, 49.1784121765566, 49.1741397156191, 49.1716494812441, 49.1674258484316, 49.1568545593691, 49.1354434265566, 49.1300723328066, 49.1230654968691, 49.1124209656191, 49.0961367859316, 49.0812442078066, 49.0746524109316, 49.0720889343691, 49.0652529968691, 49.0555361999941, 49.0442569031191, 49.0287539734316, 
49.0231387390566, 49.0254580749941, 49.0337100281191, 49.0250918640566, 49.0206973328066, 49.0137881531191, 49.0078799499941, 49.0015322937441, 48.9927432312441, 48.9769961609316, 48.9695498718691, 48.9684512390566, 48.9741885437441, 48.9723574890566, 48.9512881531191, 48.9442813171816, 48.9343447937441, 48.9176699890566, 48.9075381531191, 48.8980654968691, 48.8729190124941, 48.8654238953066, 48.8715274109316, 48.8839785828066, 48.8952822937441, 48.9035098328066, 48.9106631531191, 48.9176699890566, 
48.9293154968691, 48.9320010437441, 48.9312686218691, 48.9238467468691, 48.9118106140566, 48.8866641296816, 48.8596377624941, 48.8419131531191, 48.8593203796816, 48.8589053406191, 48.8419131531191, 48.8281924499941, 48.8175723328066, 48.8009707703066, 48.7750918640566, 48.7813174499941, 48.8145694031191, 48.8162295593691, 48.8128604187441, 48.8137881531191, 48.8282412781191, 48.8407656921816, 48.8494815124941, 48.8545108093691, 48.8562197937441, 48.8539492859316, 48.8495547546816, 48.8468692078066, 
48.8493838562441, 48.8537783874941, 48.8606631531191, 48.8670108093691, 48.8698184265566, 48.8686709656191, 48.8635928406191, 48.8623721374941, 48.8482608093691, 48.8415713562441, 48.8357119812441, 48.8252627624941, 48.8138369812441, 48.8047549499941, 48.8009707703066, 48.7989444031191, 48.7933291687441, 48.7742373718691, 48.7636172546816, 48.7599551453066, 48.7449404968691, 48.7390322937441, 48.7360293640566, 48.7295596374941, 48.7200381531191, 48.7181338562441, 48.7166690124941, 48.7084414734316, 
48.6972110046816, 48.6893985046816, 48.6835391296816, 48.6780459656191, 48.6713320984316, 48.6671817078066, 48.6643740906191, 48.6589541687441, 48.6350772156191, 48.6296572937441, 48.6325137390566, 48.6395938171816, 48.6487002624941, 48.6575381531191, 48.6699893249941, 48.6609561218691, 48.6449649109316, 48.6364932312441, 48.6185977234316, 48.6125674499941, 48.6034610046816, 48.6007022156191, 48.5880801453066, 48.5867373718691, 48.5886904968691, 48.5963076843691, 48.6162783874941, 48.6234072937441, 
48.6153506531191, 48.6159121765566, 48.6212832703066, 48.6376406921816, 48.6432559265566, 48.6475283874941, 48.6417910828066, 48.6282412781191, 48.6091494812441, 48.6159121765566, 48.5829531921816, 48.5716006531191, 48.5576358093691, 48.5471865906191, 48.5407168640566, 48.5418154968691, 48.5545108093691, 48.5703799499941, 48.5807559265566, 48.5921084656191, 48.6064639343691, 48.6110293640566, 48.6091494812441, 48.5962588562441, 48.5678897156191, 48.5394961609316, 48.5266299499941, 48.5340029968691, 
48.5333194031191, 48.5300967468691, 48.5197940124941, 48.5114199890566, 48.5100283874941, 48.5170352234316, 48.5340029968691, 48.5296572937441, 48.5379580749941, 48.5303408874941, 48.5147647156191, 48.5067813171816, 48.4788272156191, 48.4656436218691, 48.4572940124941, 48.4528262390566, 48.4514834656191, 48.4581973328066, 48.4922549499941, 48.5067080749941, 48.5082461609316, 48.5032412781191, 48.4964541687441, 48.4924502624941, 48.4912295593691, 48.4924502624941, 48.4967715515566, 48.5069033874941, 
48.5182559265566, 48.5266299499941, 48.5333194031191, 48.5401065124941, 48.5507998718691, 48.5623233093691, 48.5587100281191, 48.5402285828066, 48.5360781921816, 48.5351016296816, 48.5410830749941, 48.5576358093691, 48.5637881531191, 48.5776553406191, 48.5852725281191, 48.5946719421816, 48.5950381531191, 48.5888125671816, 48.5784365906191, 48.5614688171816, 48.5504824890566, 48.5508975281191, 48.5681826843691, 48.5783145203066, 48.5933291687441, 48.6016787781191, 48.6078555359316, 48.6090029968691, 
48.6065127624941, 48.6016787781191, 48.5811221374941, 48.5612246765566, 48.5462100281191, 48.5402285828066, 48.5435244812441, 48.5517031921816, 48.5630069031191, 48.5750186218691, 48.5813174499941, 48.5806338562441, 48.5750186218691, 48.5644717468691, 48.5607363953066, 48.5625186218691, 48.5661807312441, 48.5681826843691, 48.5672549499941, 48.5625674499941, 48.5591983093691, 48.5607363953066, 48.5652529968691, 48.5789248718691, 48.5818545593691, 48.5818545593691, 48.5796084656191, 48.5700869812441, 
48.5681826843691, 48.5687197937441, 48.5703799499941, 48.5743350281191, 48.5818545593691, 48.5956485046816, 48.5997988953066, 48.6008486999941, 48.6054141296816, 48.6183535828066, 48.6210391296816, 48.6159121765566, 48.6107852234316, 48.6047549499941, 48.6007754578066, 48.6016787781191, 48.6074893249941, 48.6243350281191, 48.6296572937441, 48.6206729187441, 48.6024111999941, 48.5772158874941, 48.5470645203066, 48.4821231140566, 48.4726016296816, 48.4726016296816, 48.4746279968691, 48.4862735046816, 
48.4843936218691, 48.4580752624941, 48.4514834656191, 48.4522158874941, 48.4417666687441, 48.4099307312441, 48.3991885437441, 48.3674502624941, 48.3627383484316, 48.3396670593691, 48.3291690124941, 48.3217227234316, 48.3152041687441, 48.3023135437441, 48.2843692078066, 48.2451846374941, 48.2376651062441, 48.2370059265566, 48.2398135437441, 48.2574404968691, 48.2591006531191, 48.2426211609316, 48.2233340515566, 48.2119815124941, 48.2084414734316, 48.2118594421816, 48.2202334656191, 48.2293643249941, 
48.2367617859316, 48.2403018249941, 48.2388369812441, 48.2309024109316, 48.2118594421816, 48.1912783874941, 48.1821475281191, 48.1757998718691, 48.1634463562441, 48.1496035828066, 48.1356143249941, 48.1272647156191, 48.1299502624941, 48.1417910828066, 48.1569278015566, 48.1688174499941, 48.1709658874941, 48.1636416687441, 48.1500918640566, 48.1349551453066, 48.1225039734316, 48.0830264343691, 48.0747744812441, 48.0652529968691, 48.0657412781191, 48.0750674499941, 48.0921084656191, 48.1131045593691, 
48.1208682312441, 48.1201358093691, 48.1157412781191, 48.1019961609316, 48.0958926453066, 48.0952334656191, 48.0919863953066, 48.0845401062441, 48.0709903015566, 48.0632510437441, 48.0639102234316, 48.0673281921816, 48.0673281921816, 48.0626162781191, 48.0405947937441, 48.0291690124941, 48.0200381531191, 48.0092959656191, 47.9940127624941, 47.9984805359316, 48.0294863953066, 48.0328311218691, 48.0337588562441, 48.0302188171816, 48.0235537781191, 48.0194033874941, 48.0309512390566, 48.0226504578066, 
47.9989688171816, 47.9791201843691, 47.9827822937441, 47.9653994812441, 47.9410342468691, 47.9170596374941, 47.8997256531191, 47.8755069031191, 47.8535342468691, 47.8269229187441, 47.7656436218691, 47.7434756531191, 47.6874453796816, 47.6607608093691, 47.6563662781191, 47.6509463562441, 47.6389346374941, 47.6271426453066, 47.6222598328066, 47.6047549499941, 47.5820498718691, 47.5710635437441, 47.5502383484316, 47.5330752624941, 47.5186221374941, 47.5061709656191, 47.4873721374941, 47.4782168640566, 
47.4639834656191, 47.4541690124941, 47.4373233093691, 47.4064395203066, 47.3908145203066, 47.3760440124941, 47.3479190124941, 47.3362490906191, 47.3293643249941, 47.3292910828066, 47.3515811218691, 47.3479190124941, 47.3325381531191, 47.3106631531191, 47.2307803406191, 47.1970889343691, 47.1919131531191, 47.1629092468691, 47.1499209656191, 47.1348819031191, 47.1168887390566, 47.1015078796816, 47.0988955749941, 47.0922305359316, 47.0741641296816, 47.0818057312441, 47.0965518249941, 47.1135928406191, 
47.1126651062441, 47.1095645203066, 47.1117617859316, 47.1238467468691, 47.1348330749941, 47.1453311218691, 47.1561221374941, 47.1628604187441, 47.1631533874941, 47.1581485046816, 47.1492373718691, 47.1492373718691, 47.1624209656191, 47.1585147156191, 47.1482608093691, 47.1424502624941, 47.1404483093691, 47.1354434265566, 47.1287295593691, 47.1220156921816, 47.1164736999941, 47.1083438171816, 47.0787295593691, 47.0707461609316, 47.0418154968691, 47.0288760437441, 47.0332217468691, 47.0332217468691, 
47.0180850281191, 47.0115420593691, 47.0127627624941, 47.0042666687441, 47.0028018249941, 47.0029971374941, 46.9920108093691, 46.9883486999941, 46.9883486999941, 46.9922549499941, 46.9749697937441, 46.9587588562441, 46.9454287781191, 46.9370303406191, 46.9351748718691, 46.9427432312441, 46.9526553406191, 46.9574649109316, 46.9533877624941, 46.9415957703066, 46.9232119812441, 46.8991153015566, 46.8897158874941, 46.8726748718691, 46.8618838562441, 46.8492373718691, 46.8380801453066, 46.8286319031191, 
46.8209170593691, 46.8016299499941, 46.7871768249941, 46.7827822937441, 46.7936465515566, 46.7936465515566, 46.7871768249941, 46.8027529968691, 46.8239199890566, 46.8345889343691, 46.8355654968691, 46.8377139343691, 46.8398623718691, 46.8408389343691, 46.8379580749941, 46.8320986999941, 46.8271670593691, 46.8271670593691, 46.8234317078066, 46.8189151062441, 46.8151309265566, 46.8134951843691, 46.8146426453066, 46.8134951843691, 46.8012149109316, 46.7643496765566, 46.7486026062441, 46.7278994812441, 
46.7072940124941, 46.6763369812441, 46.6770205749941, 46.6758975281191, 46.6732119812441, 46.6649111999941, 46.6649111999941, 46.6682803406191, 46.6701113953066, 46.6657168640566, 46.6588076843691, 46.6291690124941, 46.6247012390566, 46.6176211609316, 46.6076113953066, 46.5943545593691, 46.5932070984316, 46.5807559265566, 46.5830264343691, 46.6012637390566, 46.5885684265566, 46.5825381531191, 46.5807559265566, 46.5807559265566, 46.5767276062441, 46.5584170593691, 46.5534121765566, 46.5310733093691, 
46.5191104187441, 46.5062930359316, 46.5037295593691, 46.4940860046816, 46.4920108093691, 46.4934756531191, 46.4989688171816, 46.4988467468691, 46.4944522156191, 46.4883486999941, 46.4708926453066, 46.4622744812441, 46.4370791687441, 46.4231143249941, 46.4291445984316, 46.4309756531191, 46.4289736999941, 46.4231143249941, 46.4182803406191, 46.4182803406191, 46.4223819031191, 46.4298770203066, 46.4253604187441, 46.4307803406191, 46.4392276062441, 46.4435488953066, 46.4420108093691, 46.4368838562441, 
46.4273135437441, 46.4125430359316, 46.3941592468691, 46.3860537781191, 46.3801944031191, 46.3684756531191, 46.3521670593691, 46.3360537781191, 46.3240908874941, 46.3200137390566))
"277River",6,"River","Don",NA,277,NA,4.7,"Don",6,1159115995,"Don","Q1229","نهر الدون","দোন নদী","Don","Don","Don","Ντον","दोन नदी","Don","Don","Don","ドン川","돈강","Don","Don","Don","Дон","Don","Don","Đông","頓河","رودخانه دان","דון","Дон","ڈان","頓河",list(c(38.9265498092148, 38.92236328125, 38.90908203125, 38.902587890625, 38.90244140625, 38.9, 38.8919921875, 38.875244140625, 38.850830078125, 38.82958984375, 38.80966796875, 38.78955078125, 38.771240234375, 38.778076171875, 38.796484375, 38.813232421875, 38.856640625, 38.98505859375, 39.002685546875, 39.02041015625, 39.026123046875, 39.00869140625, 38.96474609375, 38.94580078125, 38.93671875, 39.0560546875, 39.071044921875, 39.088134765625, 39.123779296875, 39.138427734375, 39.149658203125, 39.1431640625, 
39.139404296875, 39.1390625, 39.14267578125, 39.148828125, 39.1650390625, 39.170166015625, 39.17080078125, 39.16845703125, 39.162841796875, 39.12998046875, 39.10908203125, 39.09736328125, 39.101171875, 52.456924800334, 52.4532412781191, 52.4450869812441, 52.4294619812441, 52.4058291687441, 52.3849551453066, 52.3684756531191, 52.3580996765566, 52.3567080749941, 52.3640322937441, 52.3733584656191, 52.3779971374941, 52.3723330749941, 52.3594912781191, 52.3456485046816, 52.3369815124941, 52.3280703796816, 
52.3301944031191, 52.3237490906191, 52.3121279968691, 52.3009707703066, 52.2960147156191, 52.2971865906191, 52.2933291687441, 52.2818057312441, 52.1875674499941, 52.1785830749941, 52.1719424499941, 52.1657901062441, 52.1594912781191, 52.1452090515566, 52.1389346374941, 52.1308047546816, 52.1214053406191, 52.1116885437441, 52.1015078796816, 52.0896670593691, 52.0837588562441, 52.0753115906191, 52.0637881531191, 52.0562197937441, 52.0684268249941, 52.0595889343691, 52.0395694031191, 52.0148379578066
), c(39.101171875, 39.1087890625, 39.10791015625, 39.101171875, 39.1029296875, 39.1064453125, 39.14296875, 39.15283203125, 39.14912109375, 39.11767578125, 39.06591796875, 39.062744140625, 39.074609375, 39.06552734375, 39.052978515625, 39.03994140625, 39.029541015625, 39.027734375, 39.05341796875, 39.05322265625, 39.05126953125, 39.045166015625, 39.032958984375, 39.02197265625, 39.01328125, 39.005859375, 38.998779296875, 39.018310546875, 39.02978515625, 39.046630859375, 39.0638671875, 39.0712890625, 
39.074609375, 39.071533203125, 39.063720703125, 39.054443359375, 39.046630859375, 39.0228515625, 39.01923828125, 39.013671875, 39.012109375, 39.015869140625, 39.03017578125, 39.032958984375, 39.03857421875, 39.03818359375, 39.032958984375, 39.051025390625, 39.0625, 39.0806640625, 39.0845703125, 39.086669921875, 39.0900390625, 39.103125, 39.120849609375, 39.12568359375, 39.1390625, 39.15615234375, 39.17080078125, 39.177001953125, 39.1708984375, 39.158935546875, 39.1509765625, 39.156494140625, 39.18017578125, 
39.191162109375, 39.204833984375, 39.204833984375, 39.18505859375, 39.16845703125, 39.1673828125, 39.1939453125, 39.22744140625, 39.25537109375, 39.277587890625, 39.293701171875, 39.2728515625, 39.2083984375, 39.1806640625, 39.174560546875, 39.166796875, 39.15908203125, 39.153076171875, 39.144140625, 39.14267578125, 39.14306640625, 39.139404296875, 39.1255859375, 39.1279296875, 39.138427734375, 39.149658203125, 39.146240234375, 39.14248046875, 39.140380859375, 39.14267578125, 39.156494140625, 39.17734375, 
39.2330078125, 39.2548828125, 39.266357421875, 39.27138671875, 39.276123046875, 39.2828125, 39.293701171875, 39.36435546875, 39.394140625, 39.63623046875, 39.6763671875, 39.721435546875, 39.761474609375, 39.786376953125, 39.80068359375, 39.784423828125, 39.76474609375, 39.759521484375, 39.786376953125, 39.7796875, 39.766015625, 39.847265625, 39.85595703125, 39.839599609375, 39.79306640625, 39.7734375, 39.763671875, 39.75439453125, 39.747802734375, 39.74609375, 39.75185546875, 39.7626953125, 39.83779296875, 
39.86220703125, 39.8740234375, 39.8822265625, 39.890625, 39.903076171875, 39.91552734375, 39.921875, 39.923583984375, 39.9140625, 39.87607421875, 39.86220703125, 39.8783203125, 39.8984375, 39.921875, 39.947509765625, 39.968994140625, 40.0396484375, 40.0244140625, 40.019775390625, 40.02685546875, 40.047265625, 40.0830078125, 40.091552734375, 40.094482421875, 40.08486328125, 40.060791015625, 40.05087890625, 40.025, 40.019775390625, 40.00966796875, 39.988671875, 39.97109375, 39.971435546875, 39.980859375, 
40.030029296875, 40.04208984375, 40.04501953125, 40.041259765625, 40.019775390625, 40.0091796875, 39.99560546875, 39.9865234375, 39.98681640625, 39.992431640625, 39.9994140625, 40.006103515625, 40.01328125, 40.1123046875, 40.1328125, 40.1595430910001, 52.0080752624941, 51.9995303406191, 51.9895694031191, 51.9738955749941, 51.9600283874941, 51.9524600281191, 51.9213320984316, 51.9094424499941, 51.8970889343691, 51.8644473328066, 51.7761904968691, 51.7610537781191, 51.7473330749941, 51.7341983093691, 
51.7208926453066, 51.7105166687441, 51.7063662781191, 51.7000186218691, 51.6622988953066, 51.6507510437441, 51.6402041687441, 51.6294131531191, 51.6170108093691, 51.6096865906191, 51.6052432312441, 51.5981631531191, 51.5828311218691, 51.5609805359316, 51.5522647156191, 51.5425479187441, 51.5358340515566, 51.5306338562441, 51.5220401062441, 51.5154483093691, 51.5132022156191, 51.5120303406191, 51.5083682312441, 51.4761416687441, 51.4674014343691, 51.4652041687441, 51.4624209656191, 51.4565615906191, 
51.4435488953066, 51.4395205749941, 51.4225528015566, 51.4146182312441, 51.4047305359316, 51.3997744812441, 51.3924502624941, 51.3705508484316, 51.3634707703066, 51.3568789734316, 51.3519961609316, 51.3488223328066, 51.3424014343691, 51.3398623718691, 51.3347842468691, 51.3340518249941, 51.3311709656191, 51.3196963562441, 51.3111514343691, 51.3034121765566, 51.2943057312441, 51.2818057312441, 51.2973086609316, 51.3003115906191, 51.2960879578066, 51.2892520203066, 51.2717471374941, 51.2438418640566, 
51.2180850281191, 51.2067324890566, 51.2026553406191, 51.1918399109316, 51.1763369812441, 51.1583194031191, 51.1382998718691, 51.1201358093691, 51.1068057312441, 51.1028994812441, 51.0997988953066, 51.0976748718691, 51.0968692078066, 51.0945986999941, 51.0888858093691, 51.0810733093691, 51.0726260437441, 51.0536563171816, 51.0442569031191, 51.0360781921816, 51.0211123718691, 51.0183779968691, 51.0137881531191, 51.0077578796816, 51.0006778015566, 50.9906680359316, 50.9843936218691, 50.9782168640566, 
50.9714541687441, 50.9727236999941, 50.9778506531191, 50.9865176453066, 50.9953067078066, 51.0006778015566, 50.9885928406191, 50.9771182312441, 50.9460635437441, 50.9464053406191, 50.9538028015566, 50.9674746765566, 50.9870059265566, 50.9801699890566, 50.9576358093691, 50.9442813171816, 50.9332949890566, 50.9181582703066, 50.9134463562441, 50.8982608093691, 50.8209903015566, 50.8020694031191, 50.7934024109316, 50.7971865906191, 50.7951846374941, 50.7861514343691, 50.7698428406191, 50.7507998718691, 
50.7337588562441, 50.7128360046816, 50.6984317078066, 50.6515567078066, 50.6301455749941, 50.6246279968691, 50.6236514343691, 50.6243350281191, 50.6238955749941, 50.6299014343691, 50.6288516296816, 50.6170596374941, 50.6004092468691, 50.5954043640566, 50.5829531921816, 50.5674990906191, 50.5566592468691, 50.5502383484316, 50.5481631531191, 50.5432315124941, 50.5071963562441, 50.4894473328066, 50.4774111999941, 50.4683291687441, 50.4594180359316, 50.4531436218691, 50.4491641296816, 50.4394717468691, 
50.4331729187441, 50.4253115906191, 50.4144229187441, 50.3718936218691, 50.3532901062441, 50.3372256531191, 50.3275820984316, 50.3143252624941, 50.2874697937441, 50.2752139343691, 50.2434756531191, 50.2280459656191, 50.2130801453066, 50.1970889343691, 50.1428897156191, 50.1250674499941, 50.1173770203066, 50.1139590515566, 50.1057315124941, 50.0964541687441, 50.0894717468691, 50.0858096374941, 50.0841006531191, 50.0752139343691, 50.0775820984316, 50.0852670709235), c(40.1595430910001, 40.1439453125, 
40.07822265625, 40.062109375, 40.04755859375, 40.03359375, 40.019775390625, 40.00576171875, 39.99033203125, 39.961328125, 39.93798828125, 39.92578125, 39.91416015625, 39.876953125, 39.86416015625, 39.793212890625, 39.761962890625, 39.751220703125, 39.71865234375, 39.71103515625, 39.68984375, 39.57998046875, 39.57041015625, 39.56357421875, 39.551171875, 39.541796875, 39.5302734375, 39.517822265625, 39.50576171875, 39.48330078125, 39.478271484375, 39.465234375, 39.459375, 39.44716796875, 39.41123046875, 
39.39990234375, 39.38876953125, 39.3779296875, 47.2320555816237, 47.2321231140566, 47.2151553406191, 47.2130801453066, 47.2169131531191, 47.2249209656191, 47.2307803406191, 47.2332217468691, 47.2305361999941, 47.2199160828066, 47.2139834656191, 47.2124697937441, 47.2125918640566, 47.2217471374941, 47.2222842468691, 47.2125918640566, 47.1999697937441, 47.1978213562441, 47.1983096374941, 47.1972110046816, 47.1899600281191, 47.1701113953066, 47.1664492859316, 47.1614444031191, 47.1483096374941, 47.1409365906191, 
47.1355654968691, 47.1320254578066, 47.1303164734316, 47.1305606140566, 47.1296572937441, 47.1251895203066, 47.1174502624941, 47.1116397156191, 47.1017520203066, 47.1025576843691, 47.1058291687441, 47.1107852234316))
"330River",6,"River","Tisza",NA,330,NA,5,"Tisza",6,1159117275,"Tisza","Q134350","تيسا","তিসজা","Theiß","Tisza","Tisza","Τίσα","टिस्ज़ा","Tisza","Tisza","Tibisco","ティサ川","티서강","Tisza","Cisa","Tisza","Тиса","Tisza","Tisza","Tisza","蒂萨河","تیسزا","טיסה","Тиса","ٹیسزا","蒂薩河",list(c(24.255615234375, 24.2650390625, 24.285302734375, 24.2958984375, 24.328515625, 24.34072265625, 24.365234375, 24.348779296875, 24.292236328125, 24.2626953125, 24.25869140625, 24.25673828125, 24.251611328125, 24.243798828125, 24.23427734375, 24.20400390625, 24.1904296875, 24.181884765625, 24.177880859375, 24.1767578125, 24.178955078125, 24.18359375, 24.188232421875, 24.1904296875, 24.187890625, 24.1748046875, 24.1693359375, 24.16884765625, 24.1693359375, 24.148193359375, 48.3217227234316, 48.3195254578066, 
48.3097598328066, 48.3074893249941, 48.3096377624941, 48.3074893249941, 48.2846133484316, 48.2513369812441, 48.1907901062441, 48.1385440124941, 48.1262881531191, 48.1123233093691, 48.1007754578066, 48.0911319031191, 48.0827822937441, 48.0611026062441, 48.0481631531191, 48.0347842468691, 48.0181338562441, 47.9956240906191, 47.9901797546816, 47.9854190124941, 47.9788760437441, 47.9682803406191, 47.9587588562441, 47.9474551453066, 47.9381778015566, 47.9348819031191, 47.9238955749941, 47.9123721374941
), c(24.148193359375, 24.183349609375, 24.19775390625, 24.209619140625, 24.235498046875, 24.2509765625, 24.28271484375, 24.294189453125, 24.314208984375, 24.35146484375, 24.389306640625, 24.425927734375, 24.447998046875, 24.47158203125, 24.506103515625, 24.539208984375, 24.562255859375, 24.581201171875, 24.62060546875, 24.668701171875, 24.715087890625, 24.751123046875, 24.79443359375, 24.849365234375, 24.86611328125, 47.9123721374941, 47.8916201843691, 47.8748721374941, 47.8489444031191, 47.8261172546816, 
47.8025088562441, 47.7786807312441, 47.7628115906191, 47.7481631531191, 47.7383975281191, 47.7321963562441, 47.7235049499941, 47.7251651062441, 47.7316348328066, 47.7478213562441, 47.7545840515566, 47.7687442078066, 47.7803897156191, 47.7967471374941, 47.8035830749941, 47.7961611999941, 47.7802920593691, 47.7566592468691, 47.7447451843691, 47.7379092468691), c(22.1328398030001, 22.13720703125, 22.168701171875, 22.201416015625, 22.2357421875, 22.271240234375, 22.256494140625, 22.255859375, 22.243310546875, 
22.25537109375, 22.26748046875, 22.27783203125, 22.284912109375, 22.283837890625, 22.27685546875, 22.278076171875, 22.2890625, 22.3154296875, 22.325927734375, 22.32666015625, 22.32373046875, 22.325341796875, 22.339599609375, 22.36376953125, 22.378662109375, 22.383203125, 22.387353515625, 22.394775390625, 22.420068359375, 22.4349609375, 22.449462890625, 22.46669921875, 22.488525390625, 22.552734375, 22.5615234375, 22.568115234375, 22.5791015625, 22.589599609375, 22.607568359375, 22.62060546875, 22.692626953125, 
22.711181640625, 22.72802734375, 22.7451171875, 22.764794921875, 22.77978515625, 22.801416015625, 22.84033203125, 22.860107421875, 22.874658203125, 22.887353515625, 22.90185546875, 22.9203125, 22.934716796875, 23.069580078125, 23.1337890625, 23.1771484375, 23.221337890625, 23.257568359375, 23.562646484375, 23.581201171875, 23.6455078125, 23.686767578125, 23.7099609375, 23.779541015625, 23.796044921875, 23.847802734375, 23.854638671875, 23.876123046875, 23.976806640625, 24.00830078125, 24.024658203125, 
24.074462890625, 24.094140625, 24.130615234375, 24.148193359375, 48.380767679459, 48.3869082703066, 48.4097842468691, 48.4184024109316, 48.4154727234316, 48.4036807312441, 48.3734805359316, 48.2887637390566, 48.2665469421816, 48.2617861999941, 48.2546572937441, 48.2449404968691, 48.2323672546816, 48.2246768249941, 48.1998965515566, 48.1907901062441, 48.1818301453066, 48.1715029968691, 48.1634463562441, 48.1550479187441, 48.1445498718691, 48.1333194031191, 48.1225039734316, 48.1099307312441, 48.1063906921816, 
48.1015811218691, 48.0953311218691, 48.0889834656191, 48.0744082703066, 48.0706240906191, 48.0747744812441, 48.0635440124941, 48.0620791687441, 48.0699404968691, 48.0766787781191, 48.0856387390566, 48.0952334656191, 48.0987490906191, 48.0970401062441, 48.1019961609316, 48.1019961609316, 48.1060733093691, 48.1133486999941, 48.1165225281191, 48.1082217468691, 48.1215274109316, 48.1157412781191, 48.0889834656191, 48.0944278015566, 48.0917422546816, 48.0858096374941, 48.0815615906191, 48.0813662781191, 
48.0844180359316, 48.1290225281191, 48.1677920593691, 48.1776065124941, 48.1789004578066, 48.1709658874941, 48.0059756531191, 48.0018252624941, 47.9968936218691, 47.9874942078066, 47.9853701843691, 47.9877383484316, 47.9822451843691, 47.9498965515566, 47.9344424499941, 47.9346865906191, 47.9625186218691, 47.9614932312441, 47.9534854187441, 47.9444033874941, 47.9381778015566, 47.9148135437441, 47.9123721374941))
"116Lake Centerline",4,"Lake Centerline","Dnipro","Dnieper",116,NA,4,"Dnieper",5,1159111985,"Dnipro","Q40855","دنيبر","নিপার নদী","Dnepr","Dniéper","Dniepr","Δνείπερος","नीपर","Dnyeper","Dnieper","Dnepr","ドニエプル川","드네프르강","Dnjepr","Dniepr","Dniepre","Днепр","Dnepr","Dinyeper","Dnepr","第聂伯河","دنیپر","דנייפר","Дніпро","دریائے دنیپر","第聂伯河",list(c(30.5146484375, 30.514892578125, 30.48232421875, 30.47958984375, 30.471923828125, 30.4677734375, 30.4849609375, 30.50732421875, 30.51064453125, 30.50634765625, 30.50576171875, 30.510986328125, 30.51259765625, 30.530517578125, 30.53115234375, 30.53017578125, 30.5150390625, 30.50751953125, 30.50751953125, 50.5966250671816, 50.6026065124941, 50.6570498718691, 50.6858584656191, 50.7384707703066, 50.7999942078066, 50.8559024109316, 50.9397647156191, 50.9783877624941, 51.0247256531191, 51.0497500671816, 
51.1079776062441, 51.1166445984316, 51.1720645203066, 51.1801944031191, 51.1877627624941, 51.1980654968691, 51.2079531921816, 51.2173037781191), c(33.1939453125, 33.16416015625, 33.141845703125, 33.03798828125, 32.78857421875, 32.730224609375, 32.6630859375, 32.59951171875, 32.50380859375, 32.43115234375, 32.380078125, 32.1279296875, 32.058984375, 31.989990234375, 31.92470703125, 31.887939453125, 31.886474609375, 49.0939395203066, 49.1137149109316, 49.1301455749941, 49.1818301453066, 49.2616641296816, 
49.2754092468691, 49.2943789734316, 49.3096377624941, 49.3372256531191, 49.3693301453066, 49.3943545593691, 49.4751651062441, 49.5001162781191, 49.5322451843691, 49.5513369812441, 49.5544619812441, 49.5547061218691), c(31.46728515625, 31.450439453125, 31.457275390625, 31.483984375, 31.492919921875, 31.480078125, 31.469140625, 31.43984375, 49.7541690124941, 49.7748477234316, 49.8105654968691, 49.8667666687441, 49.9104678406191, 49.9502627624941, 49.9793643249941, 50.0000674499941), c(33.53994140625, 
33.56884765625, 33.603271484375, 33.61611328125, 33.63076171875, 33.643798828125, 33.65322265625, 33.675537109375, 33.70556640625, 33.79970703125, 33.827880859375, 33.866455078125, 33.9126953125, 33.94345703125, 33.96494140625, 33.98486328125, 33.9974609375, 34.0033203125, 34.007421875, 34.00400390625, 34.00244140625, 34.0083984375, 34.0580078125, 34.15732421875, 34.203515625, 34.31923828125, 34.44580078125, 34.58349609375, 34.5943359375, 34.64423828125, 34.729736328125, 34.832421875, 34.898046875, 
34.99658203125, 35.062890625, 35.113525390625, 35.1478515625, 35.1630859375, 35.165283203125, 35.1625, 35.15771484375, 35.14892578125, 35.125390625, 35.1068359375, 35.105224609375, 35.10556640625, 35.105712890625, 46.8312442078066, 46.8357608093691, 46.8534610046816, 46.8759219421816, 46.8983828796816, 46.9214541687441, 46.9482608093691, 46.9937686218691, 47.0281436218691, 47.1029727234316, 47.1354434265566, 47.1722354187441, 47.2053408874941, 47.2293154968691, 47.2551944031191, 47.2882022156191, 
47.3175723328066, 47.3468692078066, 47.3724307312441, 47.3996035828066, 47.4323184265566, 47.4632510437441, 47.4805850281191, 47.4738223328066, 47.4782901062441, 47.5051455749941, 47.5227725281191, 47.5670840515566, 47.5685488953066, 47.5634951843691, 47.5390811218691, 47.5257510437441, 47.5231387390566, 47.5034854187441, 47.5047061218691, 47.5243594421816, 47.5546328796816, 47.5961367859316, 47.6469912781191, 47.6918399109316, 47.7293154968691, 47.7639346374941, 47.7966983093691, 47.8267764343691, 
47.8401553406191, 47.8408877624941, 47.8415713562441), c(33.537109375, 33.657958984375, 33.71044921875, 33.74814453125, 33.76669921875, 33.80712890625, 33.82470703125, 33.858984375, 33.87568359375, 33.891845703125, 33.89951171875, 33.919189453125, 33.927734375, 34.0400390625, 34.047265625, 34.0615234375, 34.068603515625, 34.074609375, 34.08642578125, 34.09267578125, 34.10947265625, 34.16171875, 34.1923828125, 34.24169921875, 34.27001953125, 34.31689453125, 34.33154296875, 34.383544921875, 34.4009765625, 
34.43857421875, 34.45546875, 34.46083984375, 34.468017578125, 34.47255859375, 34.47744140625, 34.48837890625, 34.52890625, 34.540283203125, 34.5703125, 49.0020205749941, 48.9516055359316, 48.9400576843691, 48.9361514343691, 48.9299990906191, 48.9033877624941, 48.8999209656191, 48.8995303406191, 48.8973330749941, 48.8916690124941, 48.8861758484316, 48.8657412781191, 48.8599307312441, 48.8076846374941, 48.8064639343691, 48.8079776062441, 48.8074404968691, 48.8049502624941, 48.7975528015566, 48.7946231140566, 
48.7900576843691, 48.7842959656191, 48.7734561218691, 48.7326846374941, 48.7157656921816, 48.7042910828066, 48.6971377624941, 48.6636904968691, 48.6582705749941, 48.6551455749941, 48.6486270203066, 48.6433779968691, 48.6308047546816, 48.6247744812441, 48.6206729187441, 48.6135928406191, 48.5938174499941, 48.5866885437441, 48.5622744812441))
"116River",4,"River","Dnipro","Dnieper",116,NA,4,"Dnieper",5,1159112001,"Dnipro","Q40855","دنيبر","নিপার নদী","Dnepr","Dniéper","Dniepr","Δνείπερος","नीपर","Dnyeper","Dnieper","Dnepr","ドニエプル川","드네프르강","Dnjepr","Dniepr","Dniepre","Днепр","Dnepr","Dinyeper","Dnepr","第聂伯河","دنیپر","דנייפר","Дніпро","دریائے دنیپر","第聂伯河",list(c(30.1370442564037, 30.138427734375, 30.1417410797377, 52.7083532852347, 52.7069033874941, 52.7083930706604), c(30.1683411949874, 30.17880859375, 30.1953125, 30.210205078125, 30.22255859375, 30.254150390625, 30.261328125, 30.26064453125, 30.256103515625, 30.252685546875, 30.2544921875, 30.25869140625, 30.282470703125, 30.273193359375, 30.2685546875, 30.261328125, 30.273193359375, 30.282470703125, 30.2474609375, 30.2412109375, 30.2482421875, 30.2552734375, 30.261962890625, 30.266845703125, 30.268798828125, 
30.302978515625, 30.302001953125, 30.306640625, 30.3154296875, 30.326904296875, 30.338134765625, 30.34462890625, 30.34912109375, 30.3544921875, 30.37265625, 30.367578125, 30.34384765625, 30.40478515625, 30.41220703125, 30.43603515625, 30.440185546875, 30.4380859375, 30.439453125, 30.462158203125, 30.49208984375, 30.55615234375, 30.55615234375, 30.53701171875, 30.53359375, 30.5146484375, 30.5146484375, 30.5244140625, 30.543212890625, 30.55615234375, 30.56787109375, 30.57666015625, 30.58115234375, 
30.580078125, 30.5953125, 30.60634765625, 30.62451171875, 30.63388671875, 30.665283203125, 30.676025390625, 30.698974609375, 30.70166015625, 30.69619140625, 30.693359375, 30.70224609375, 30.718017578125, 30.729248046875, 30.72412109375, 30.725830078125, 30.740234375, 30.73779296875, 30.732177734375, 30.7373046875, 30.74697265625, 30.7548828125, 30.763671875, 30.7822265625, 30.78955078125, 30.79150390625, 30.777099609375, 30.779052734375, 30.78603515625, 30.79384765625, 30.80263671875, 30.801513671875, 
30.802001953125, 30.8046875, 30.81005859375, 30.81005859375, 30.796630859375, 30.7876953125, 30.779052734375, 30.749267578125, 30.7412109375, 30.7373046875, 30.73681640625, 30.733984375, 30.7134765625, 30.70703125, 30.70224609375, 30.69677734375, 30.6939453125, 30.672265625, 30.66591796875, 30.6615234375, 30.661865234375, 30.669189453125, 30.67001953125, 30.65224609375, 30.62998046875, 30.61767578125, 30.63759765625, 30.64560546875, 30.64560546875, 30.634521484375, 30.6314453125, 30.630078125, 30.62451171875, 
30.61328125, 30.582275390625, 30.56982421875, 30.575439453125, 30.5638671875, 30.56982421875, 30.56298828125, 30.5546875, 30.54931640625, 30.55224609375, 30.55615234375, 30.543212890625, 30.5146484375, 30.5146484375, 30.533935546875, 30.542578125, 30.542578125, 30.53466796875, 30.530517578125, 30.52724609375, 30.5220703125, 30.5220703125, 30.53369140625, 30.56689453125, 30.58349609375, 30.57587890625, 30.5708984375, 30.56240234375, 30.574462890625, 30.58486328125, 30.589111328125, 30.58349609375, 
30.58837890625, 30.59677734375, 30.60703125, 30.61767578125, 30.61767578125, 30.604248046875, 30.593017578125, 30.585546875, 30.58349609375, 30.5873046875, 30.5951171875, 30.60546875, 30.61767578125, 30.6220703125, 30.63193359375, 30.636962890625, 30.64404296875, 30.64501953125, 30.63193359375, 30.6376953125, 30.6099609375, 30.579345703125, 30.57666015625, 30.558837890625, 30.55615234375, 30.5546875, 30.550048828125, 30.535546875, 30.522705078125, 30.517578125, 30.512451171875, 30.5099609375, 30.50751953125, 
52.7086148893958, 52.6983096374941, 52.6723086609316, 52.6591250671816, 52.6553897156191, 52.6378115906191, 52.6318545593691, 52.6266543640566, 52.6216494812441, 52.6146914734316, 52.6038760437441, 52.6036319031191, 52.5977236999941, 52.5853213562441, 52.5811221374941, 52.5772158874941, 52.5637881531191, 52.5492617859316, 52.5552432312441, 52.5492617859316, 52.5294131531191, 52.5215029968691, 52.5182559265566, 52.5127627624941, 52.4981143249941, 52.4878604187441, 52.4795596374941, 52.4730166687441, 
52.4688174499941, 52.4673526062441, 52.4641787781191, 52.4570986999941, 52.4500186218691, 52.4468447937441, 52.4400576843691, 52.4247500671816, 52.3990420593691, 52.3779971374941, 52.3770205749941, 52.3779971374941, 52.3743838562441, 52.3569522156191, 52.3506533874941, 52.3372256531191, 52.3286319031191, 52.3226992859316, 52.3164736999941, 52.3017031921816, 52.2653994812441, 52.2612979187441, 52.2550723328066, 52.2488467468691, 52.2323672546816, 52.2271182312441, 52.2423770203066, 52.2332705749941, 
52.2160098328066, 52.2066592468691, 52.2010440124941, 52.1876895203066, 52.1588809265566, 52.1530947937441, 52.1406924499941, 52.1383731140566, 52.1370791687441, 52.1325869812441, 52.1243350281191, 52.1116885437441, 52.1017520203066, 52.0893008484316, 52.0748965515566, 52.0595889343691, 52.0537783874941, 52.0384463562441, 52.0353457703066, 52.0333926453066, 52.0289981140566, 52.0244326843691, 52.0216738953066, 52.0227725281191, 52.0300479187441, 52.0285098328066, 52.0213565124941, 52.0076358093691, 
51.9981143249941, 51.9869326843691, 51.9660830749941, 51.9534365906191, 51.9438662781191, 51.9358584656191, 51.9296328796816, 51.9254824890566, 51.9186465515566, 51.9070010437441, 51.9008975281191, 51.8981387390566, 51.8998477234316, 51.8981387390566, 51.8918643249941, 51.8825137390566, 51.8739688171816, 51.8672549499941, 51.8606143249941, 51.8540713562441, 51.8510195984316, 51.8474795593691, 51.8299014343691, 51.8226992859316, 51.8196475281191, 51.8158633484316, 51.8062686218691, 51.7907901062441, 
51.7793643249941, 51.7702822937441, 51.7615908874941, 51.7553897156191, 51.7547549499941, 51.7473330749941, 51.7399356140566, 51.7282901062441, 51.7158877624941, 51.7063662781191, 51.7031436218691, 51.7025820984316, 51.7001406921816, 51.6866397156191, 51.6655947937441, 51.6517276062441, 51.6475283874941, 51.6400820984316, 51.6374697937441, 51.6336123718691, 51.6238467468691, 51.6203799499941, 51.6039492859316, 51.5965029968691, 51.5861270203066, 51.5828311218691, 51.5766787781191, 51.5753115906191, 
51.5736026062441, 51.5715518249941, 51.5692080749941, 51.5630069031191, 51.5535342468691, 51.5475528015566, 51.5425479187441, 51.5313662781191, 51.5266787781191, 51.5220401062441, 51.5163028015566, 51.5096377624941, 51.5022647156191, 51.4940860046816, 51.4820498718691, 51.4745547546816, 51.4701602234316, 51.4674014343691, 51.4599795593691, 51.4614932312441, 51.4591738953066, 51.4520938171816, 51.4395205749941, 51.4276065124941, 51.4252383484316, 51.4248233093691, 51.4190127624941, 51.4124209656191, 
51.3842227234316, 51.3788516296816, 51.3729922546816, 51.3677432312441, 51.3643740906191, 51.3361270203066, 51.3178164734316, 51.3039736999941, 51.2892520203066, 51.2695986999941, 51.2675967468691, 51.2437197937441, 51.2370791687441, 51.2349307312441, 51.2355410828066, 51.2339053406191, 51.2288272156191, 51.2239444031191, 51.2173037781191), c(30.5146484375, 30.5146484375, 30.510986328125, 30.502685546875, 30.500390625, 30.5015625, 30.50595703125, 30.51513671875, 30.52412109375, 30.5283203125, 30.52734375, 
30.523193359375, 30.5220703125, 30.52587890625, 30.52978515625, 30.5357421875, 30.5732421875, 30.58095703125, 30.58388671875, 30.6005859375, 30.6220703125, 30.6435546875, 30.6615234375, 30.672265625, 30.69326171875, 30.72705078125, 30.74755859375, 30.8291015625, 30.89453125, 30.9154296875, 30.9677734375, 31.0146484375, 31.039794921875, 31.06796875, 31.115234375, 31.130615234375, 31.16650390625, 31.1791015625, 31.20712890625, 31.23505859375, 31.323486328125, 31.36435546875, 31.40576171875, 31.43984375, 
50.5966250671816, 50.5893008484316, 50.5770938171816, 50.5642276062441, 50.5577334656191, 50.5481631531191, 50.5468203796816, 50.5457217468691, 50.5432803406191, 50.5382754578066, 50.5313662781191, 50.5151553406191, 50.5140322937441, 50.4876651062441, 50.4758975281191, 50.4662539734316, 50.4321475281191, 50.4181582703066, 50.3567080749941, 50.3427188171816, 50.3326358093691, 50.3084170593691, 50.2791201843691, 50.2539736999941, 50.2407901062441, 50.1948916687441, 50.1770694031191, 50.1404971374941, 
50.1217715515566, 50.1087100281191, 50.0530947937441, 50.0204531921816, 50.0086123718691, 50.0029971374941, 49.9995303406191, 49.9952334656191, 49.9767520203066, 49.9718692078066, 49.9683291687441, 49.9718692078066, 50.0056338562441, 50.0120303406191, 50.0095889343691, 50.0000674499941), c(31.887939453125, 31.823974609375, 31.800537109375, 31.774658203125, 31.7578125, 31.738037109375, 31.7240234375, 31.71005859375, 31.668701171875, 31.65859375, 31.64912109375, 31.60908203125, 31.560791015625, 31.549560546875, 
31.51767578125, 31.505078125, 31.4994140625, 31.48154296875, 31.47666015625, 31.46728515625, 31.46240234375, 49.5544619812441, 49.5628604187441, 49.5753848328066, 49.6043643249941, 49.6184268249941, 49.6305606140566, 49.6362979187441, 49.6397158874941, 49.6421084656191, 49.6438662781191, 49.6476504578066, 49.6731143249941, 49.6909365906191, 49.6981875671816, 49.7295596374941, 49.7382266296816, 49.7406680359316, 49.7450625671816, 49.7476260437441, 49.7541690124941, 49.7567080749941), c(33.1939453125, 
33.21376953125, 33.21923828125, 33.32998046875, 33.364990234375, 33.537109375, 49.0939395203066, 49.0866885437441, 49.0853945984316, 49.0801455749941, 49.0740420593691, 49.0020205749941), c(34.5703125, 34.58291015625, 34.71669921875, 34.76953125, 34.79677734375, 34.82705078125, 34.8662109375, 34.8740234375, 34.954345703125, 34.982177734375, 34.99169921875, 35.01572265625, 35.02392578125, 35.04931640625, 35.07265625, 35.08408203125, 35.08896484375, 35.093359375, 35.09619140625, 35.1001953125, 35.10537109375, 
35.11123046875, 35.1177734375, 35.13291015625, 35.138916015625, 35.1435546875, 35.14423828125, 35.142333984375, 35.1466796875, 35.1587890625, 35.1744140625, 35.18984375, 35.19404296875, 35.19716796875, 35.19814453125, 35.19619140625, 35.191796875, 35.1732421875, 35.167724609375, 35.16455078125, 35.1640625, 35.16640625, 35.1703125, 35.180419921875, 35.18271484375, 35.18056640625, 35.1734375, 35.164453125, 35.155859375, 35.128515625, 35.117919921875, 35.10107421875, 35.0806640625, 35.06337890625, 35.0560546875, 
35.057861328125, 35.0748046875, 35.079345703125, 35.12939453125, 35.13818359375, 35.138671875, 35.128662109375, 35.1162109375, 35.109375, 35.11025390625, 35.11826171875, 35.1185546875, 35.11669921875, 35.105224609375, 48.5622744812441, 48.5563418640566, 48.5233096374941, 48.4958682312441, 48.4852969421816, 48.4829776062441, 48.4914736999941, 48.4916445984316, 48.4840029968691, 48.4767520203066, 48.4757754578066, 48.4794375671816, 48.4780459656191, 48.4641787781191, 48.4580752624941, 48.4506289734316, 
48.4409365906191, 48.4160342468691, 48.4089541687441, 48.4024600281191, 48.3966738953066, 48.3919131531191, 48.3886172546816, 48.3839785828066, 48.3804873718691, 48.3720156921816, 48.3604190124941, 48.3369815124941, 48.3101260437441, 48.2909610046816, 48.2736270203066, 48.2522647156191, 48.2431826843691, 48.2331729187441, 48.2229190124941, 48.2129580749941, 48.2055117859316, 48.1890322937441, 48.1810244812441, 48.1727969421816, 48.1643740906191, 48.1558291687441, 48.1502627624941, 48.1395938171816, 
48.1341494812441, 48.1257510437441, 48.1208682312441, 48.1190127624941, 48.1197451843691, 48.1279971374941, 48.1289736999941, 48.1286074890566, 48.1256778015566, 48.1177920593691, 48.1025576843691, 48.0962588562441, 48.0690371765566, 48.0642764343691, 48.0282656921816, 48.0159365906191, 47.9975772156191, 47.9831729187441, 47.9695498718691, 47.9535586609316, 47.9436709656191, 47.9153506531191, 47.9010684265566, 47.8859317078066, 47.8401553406191), c(33.53994140625, 33.528564453125, 33.48095703125, 
33.4671875, 33.43837890625, 33.42421875, 33.4150390625, 33.40712890625, 33.3970703125, 33.371337890625, 33.343359375, 33.316796875, 33.289306640625, 33.262451171875, 33.2369140625, 33.212890625, 33.200439453125, 33.18662109375, 33.1708984375, 33.156494140625, 33.08046875, 33.056640625, 33.0296875, 33.01171875, 33.00634765625, 33, 32.79453125, 32.739990234375, 32.6859375, 32.6455078125, 46.8312442078066, 46.8320986999941, 46.8394229187441, 46.8394229187441, 46.8333682312441, 46.8267276062441, 46.8179385437441, 
46.8081729187441, 46.7986514343691, 46.7829776062441, 46.7714297546816, 46.7654971374941, 46.7642764343691, 46.7681338562441, 46.7774600281191, 46.7873721374941, 46.7902285828066, 46.7913272156191, 46.7899844421816, 46.7864932312441, 46.7544131531191, 46.7488467468691, 46.7512881531191, 46.7576358093691, 46.7585635437441, 46.7578311218691, 46.6845156921816, 46.6791445984316, 46.6654727234316, 46.6496035828066))
